{"42PL687D4": 0.023623498949110738, "42PL687D3": 0.08755057045834491, "42PL687D15": 0.07417382813403861, "42PL687D17": 0.07874337445407929, "42PL687D8": 0.19347173672680323, "42PL687D7": 0.05373280772937938, "42PL687D12": 0.025829853960816912, "42PL687D2": 0.037480968400021665, "42PL687D14": 0.037721434487532915, "42PL687D11": 0.049888855307796874, "42PL687D6": 0.04083883003531215, "42PL687D9": 0.06422003405641519, "42PL687D10": 0.025783631859756097, "42PL687D16": 0.06018211385932262, "42PL687D18": 0.3061560293183682, "42PL687D1": 0.12427165037648563, "42PL687D13": 0.13675671741532516, "42PL687D5": 0.4355168335278448}