{"42PL267D18": 0.024055765022457907, "42PL267D10": 0.07689510348853394, "42PL267D11": 0.03757269862417053, "42PL267D9": 0.05350430720576815, "42PL267D17": 0.0291696198110123, "42PL267D7": 0.16493697681884978, "42PL267D14": 0.04328732014283342, "42PL267D16": 0.02706037596545866, "42PL267D13": 0.04770889930126644, "42PL267D12": 0.06729202283474801, "42PL267D2": 0.02879500653235, "42PL267D5": 0.051158327550267106, "42PL267D4": 0.14029994998294681, "42PL267D1": 0.05897762576988064, "42PL267D8": 0.04700735410678963, "42PL267D6": 0.09264458696815753, "42PL267D3": 0.43211002488721256, "42PL267D15": 0.35141092386521583}