{"42PL218D7": 0.048042706509144974, "42PL218D13": 0.024319773846889357, "42PL218D18": 0.028283689641627984, "42PL218D12": 0.12090696763677546, "42PL218D11": 0.05530142079405125, "42PL218D10": 0.021062085679663552, "42PL218D15": 0.050871251488539854, "42PL218D8": 0.031944436029333056, "42PL218D9": 0.05137799584515564, "42PL218D14": 0.04489751490387836, "42PL218D6": 0.07083502503721749, "42PL218D2": 0.07944353256419995, "42PL218D1": 0.39368387303622954, "42PL218D16": 0.052500838883645026, "42PL218D4": 0.3038747788277673, "42PL218D5": 0.12089457519821994, "42PL218D3": 0.09989945931064285, "42PL218D17": 0.3882215341499797}