{"42PL248D13": 0.07036978314077842, "42PL248D11": 0.05322501263088207, "42PL248D18": 0.06612165400238336, "42PL248D16": 0.15264582378516306, "42PL248D3": 0.10239154368097317, "42PL248D12": 0.03998516267043122, "42PL248D17": 0.032327670095974356, "42PL248D1": 0.023348753724941863, "42PL248D5": 0.05941428858481311, "42PL248D8": 0.05093771518842067, "42PL248D7": 0.036985525074551565, "42PL248D10": 0.05097379589908488, "42PL248D6": 0.03838213665443933, "42PL248D4": 0.08902483127023342, "42PL248D14": 0.1888866643051855, "42PL248D9": 0.23632655986344475, "42PL248D15": 0.06328562026982561, "42PL248D2": 0.4140180447927741}