{"42PL481D8": 0.061102352778591995, "42PL481D9": 0.024549441337926664, "42PL481D11": 0.05753998157916771, "42PL481D3": 0.045119177703049844, "42PL481D7": 0.07934780512989698, "42PL481D10": 0.2578628761418592, "42PL481D15": 0.10372663565220772, "42PL481D4": 0.04309941446511451, "42PL481D16": 0.025910022669359066, "42PL481D18": 0.047674135290983174, "42PL481D13": 0.07457415517195314, "42PL481D12": 0.04995077818161999, "42PL481D1": 0.049053724925444374, "42PL481D5": 0.026071342461581413, "42PL481D2": 0.05339048476855277, "42PL481D6": 0.208947771148258, "42PL481D17": 0.2543452904614177, "42PL481D14": 0.35330842446794986}