{"42PL708D1": 0.06479987575029464, "42PL708D14": 0.028333482182727517, "42PL708D17": 0.06207144391388398, "42PL708D8": 0.04121846682223587, "42PL708D7": 0.17381621342956566, "42PL708D9": 0.031940551946218254, "42PL708D6": 0.015007847544043761, "42PL708D15": 0.03425546837259241, "42PL708D16": 0.0694924406850764, "42PL708D2": 0.06378845603626124, "42PL708D10": 0.029328560182759034, "42PL708D3": 0.045102490788825535, "42PL708D13": 0.10281479064930828, "42PL708D12": 0.38868918287081605, "42PL708D4": 0.17989353257328528, "42PL708D18": 0.06371931931156473, "42PL708D11": 0.1618796170940766, "42PL708D5": 0.3553918688394184}