{"42PL549D2": 0.024204696010278994, "42PL549D8": 0.05473297438882421, "42PL549D11": 0.04175416575276721, "42PL549D17": 0.104868487978559, "42PL549D7": 0.10111126479211117, "42PL549D9": 0.033813576398354805, "42PL549D12": 0.058721840299896515, "42PL549D3": 0.08030328936895294, "42PL549D15": 0.031836171002184936, "42PL549D1": 0.04017080499762771, "42PL549D6": 0.02968611637944683, "42PL549D5": 0.1720028139939715, "42PL549D4": 0.29435771707053804, "42PL549D13": 0.06888256775570874, "42PL549D18": 0.05927356539147418, "42PL549D14": 0.33261820866516034, "42PL549D10": 0.048772343916410006, "42PL549D16": 0.29428716043605524}