{"42PL764D7": 0.04087458179304356, "42PL764D16": 0.0312775564812844, "42PL764D3": 0.14827636496899008, "42PL764D8": 0.028002141308194135, "42PL764D1": 0.03598240406888198, "42PL764D5": 0.02214754849549412, "42PL764D15": 0.03613217778848946, "42PL764D13": 0.07632316658646318, "42PL764D9": 0.06589787622546356, "42PL764D10": 0.051145353236568755, "42PL764D4": 0.05998393223626412, "42PL764D14": 0.025145265764907603, "42PL764D11": 0.02523758265415962, "42PL764D6": 0.04708222728442244, "42PL764D18": 0.14171067643375607, "42PL764D2": 0.051040361326483576, "42PL764D17": 0.3591132081582023, "42PL764D12": 0.39248996537041164}