{"42PL630D8": 0.025718257985405567, "42PL630D3": 0.06888508439194521, "42PL630D11": 0.11802916826126425, "42PL630D2": 0.049080888817438745, "42PL630D4": 0.025092201769940974, "42PL630D7": 0.04762402346009537, "42PL630D10": 0.058604881359045465, "42PL630D18": 0.024814343050782284, "42PL630D12": 0.04500360185417189, "42PL630D13": 0.03001767364503693, "42PL630D15": 0.032892573586188294, "42PL630D6": 0.3078785877226344, "42PL630D9": 0.06604320765359942, "42PL630D17": 0.04675925745715276, "42PL630D14": 0.06285589429334863, "42PL630D5": 0.09657625512223678, "42PL630D1": 0.4251891119185181, "42PL630D16": 0.24013977567879738}