{"42PL721D3": 0.028202950206247954, "42PL721D10": 0.03823011931494575, "42PL721D16": 0.028927134036484895, "42PL721D6": 0.13192877887925386, "42PL721D12": 0.1530547872082302, "42PL721D7": 0.13553462173448577, "42PL721D11": 0.0429574234030693, "42PL721D2": 0.05701885972257359, "42PL721D8": 0.1486244546210718, "42PL721D9": 0.04482174677301926, "42PL721D14": 0.03216984819621297, "42PL721D5": 0.05233677616531844, "42PL721D15": 0.276467071653724, "42PL721D13": 0.2863492894014597, "42PL721D4": 0.0551690143515271, "42PL721D18": 0.20172290871009635, "42PL721D17": 0.12507636158581475, "42PL721D1": 0.4025510866984171}