{"42PL102D2": 0.031943758361428265, "42PL102D3": 0.08426630268081713, "42PL102D12": 0.040105293523727104, "42PL102D5": 0.12305921875558415, "42PL102D7": 0.09447435878365983, "42PL102D10": 0.03521249573492057, "42PL102D8": 0.03839349303778195, "42PL102D17": 0.07654454051595445, "42PL102D1": 0.06406300663856511, "42PL102D16": 0.038683275725682996, "42PL102D15": 0.04007044847591859, "42PL102D11": 0.023942974902187223, "42PL102D14": 0.04614617624715118, "42PL102D6": 0.2114642734513334, "42PL102D9": 0.06040638143432981, "42PL102D13": 0.0629305665868139, "42PL102D18": 0.42679613722791326, "42PL102D4": 0.38021938467287747}