{"42PL471D8": 0.07665915134697653, "42PL471D18": 0.025072413077809424, "42PL471D2": 0.06487086599737217, "42PL471D15": 0.08350043333181677, "42PL471D13": 0.10810166137847348, "42PL471D5": 0.02441997948868918, "42PL471D6": 0.049226716271931405, "42PL471D11": 0.03679602518028991, "42PL471D7": 0.036164293635517715, "42PL471D3": 0.05147893493323422, "42PL471D14": 0.02826866351393574, "42PL471D9": 0.04720768596167121, "42PL471D12": 0.09321916164639614, "42PL471D10": 0.3816056725508269, "42PL471D4": 0.05971485215231184, "42PL471D1": 0.12921996326015317, "42PL471D16": 0.3400955125516017, "42PL471D17": 0.3671364239598644}