{"42PL127D13": 0.03750472824876029, "42PL127D17": 0.11891776677030577, "42PL127D15": 0.04020201669588157, "42PL127D2": 0.10998328484624183, "42PL127D7": 0.035417345611346476, "42PL127D3": 0.03949904179014039, "42PL127D6": 0.017944762826936286, "42PL127D14": 0.02579814528318519, "42PL127D9": 0.11623815601974728, "42PL127D8": 0.05408220002670621, "42PL127D5": 0.03766467330838475, "42PL127D18": 0.04350796400299494, "42PL127D4": 0.14839048449348813, "42PL127D10": 0.07877588691665435, "42PL127D12": 0.07120492764513668, "42PL127D16": 0.10719815410263173, "42PL127D11": 0.41045735309657155, "42PL127D1": 0.4657278659891337}