{"42PL424D6": 0.059164624885098306, "42PL424D9": 0.049288659477378295, "42PL424D11": 0.043256724384279924, "42PL424D2": 0.034987163762291024, "42PL424D5": 0.1208304989676942, "42PL424D13": 0.11249718651114142, "42PL424D15": 0.03062393442799288, "42PL424D4": 0.020525461000043117, "42PL424D12": 0.05675537519815017, "42PL424D10": 0.0519349563304744, "42PL424D17": 0.056133627613727484, "42PL424D16": 0.050242529863520846, "42PL424D8": 0.2909783046375015, "42PL424D14": 0.03986220582668665, "42PL424D7": 0.045902457512317585, "42PL424D1": 0.2250458679230325, "42PL424D18": 0.4213251921112139, "42PL424D3": 0.2072714539990079}