{"42PL44D9": 0.02840233833202386, "42PL44D12": 0.02713727944971115, "42PL44D17": 0.06834726581272137, "42PL44D13": 0.0579505601329542, "42PL44D2": 0.2367913788196331, "42PL44D18": 0.026309676014900422, "42PL44D3": 0.14706710325515238, "42PL44D7": 0.025434458929565938, "42PL44D1": 0.04025560672048643, "42PL44D5": 0.06991516236236552, "42PL44D14": 0.07582368606114628, "42PL44D15": 0.028570142738203283, "42PL44D8": 0.05398967883087849, "42PL44D6": 0.04821832655795969, "42PL44D11": 0.2547111451706723, "42PL44D10": 0.24073489995715053, "42PL44D16": 0.06805836761320809, "42PL44D4": 0.40362731072838576}