{"42PL51D14": 0.04519664948886241, "42PL51D15": 0.05697207747042042, "42PL51D17": 0.13195855927800748, "42PL51D10": 0.04633127961654724, "42PL51D16": 0.04458028843662114, "42PL51D2": 0.015223323473726055, "42PL51D12": 0.0306511020328964, "42PL51D1": 0.062674774138037, "42PL51D8": 0.047733842128714565, "42PL51D6": 0.042429558330310084, "42PL51D11": 0.030070395284364084, "42PL51D13": 0.23618436518366942, "42PL51D4": 0.06574964908176395, "42PL51D7": 0.06938334976374205, "42PL51D18": 0.31456378731786705, "42PL51D9": 0.3902451692513028, "42PL51D3": 0.05847430324035635, "42PL51D5": 0.20722828970885684}