{"42PL547D10": 0.0379421681479177, "42PL547D12": 0.08447388384257623, "42PL547D8": 0.05718897854911134, "42PL547D15": 0.0876643060895814, "42PL547D9": 0.025835920983369884, "42PL547D1": 0.029582252539078747, "42PL547D2": 0.06327039435404991, "42PL547D18": 0.05280748961885903, "42PL547D6": 0.048712728622344, "42PL547D14": 0.04016403193550053, "42PL547D17": 0.05654627265970853, "42PL547D5": 0.04413700585743442, "42PL547D7": 0.03599685916196731, "42PL547D11": 0.20670429047392397, "42PL547D3": 0.07246663973967185, "42PL547D13": 0.2701375450953245, "42PL547D4": 0.30653846409375685, "42PL547D16": 0.38381576122933925}