{"42PL397D2": 0.02915124292879, "42PL397D3": 0.049350303393142315, "42PL397D9": 0.1125886209437654, "42PL397D1": 0.11505361816576544, "42PL397D12": 0.1560380045101385, "42PL397D13": 0.03733376180352994, "42PL397D11": 0.03340395154976281, "42PL397D15": 0.015657098215098898, "42PL397D10": 0.04594031260877492, "42PL397D5": 0.0722706486931973, "42PL397D4": 0.04753172308106618, "42PL397D6": 0.03863118178620503, "42PL397D8": 0.057835942883297034, "42PL397D17": 0.05885678993014779, "42PL397D16": 0.06388100432560562, "42PL397D18": 0.3575988486973106, "42PL397D7": 0.3399241059519278, "42PL397D14": 0.34306466544359965}