{"42PL480D2": 0.049590478941364806, "42PL480D12": 0.09256502792093203, "42PL480D10": 0.08058775079598704, "42PL480D3": 0.06182801145620908, "42PL480D11": 0.08740878000524158, "42PL480D14": 0.04540062323947587, "42PL480D15": 0.05644346643806071, "42PL480D7": 0.041921897761280455, "42PL480D18": 0.08402091502461725, "42PL480D9": 0.0354868849843896, "42PL480D1": 0.029423792677802044, "42PL480D16": 0.06089668454021846, "42PL480D8": 0.15763125620119564, "42PL480D4": 0.08059033440578404, "42PL480D13": 0.0630148765389366, "42PL480D5": 0.45435854000688175, "42PL480D17": 0.05335597074972998, "42PL480D6": 0.223671263661393}