{"42PL368D14": 0.02876274648788015, "42PL368D1": 0.0806791701231669, "42PL368D11": 0.0395756132247267, "42PL368D7": 0.12908361862559078, "42PL368D4": 0.046130455674194604, "42PL368D15": 0.043138615210631476, "42PL368D13": 0.017031547302789624, "42PL368D12": 0.04121264370951989, "42PL368D6": 0.3463883763392038, "42PL368D5": 0.03454830770867525, "42PL368D8": 0.059184661131954974, "42PL368D17": 0.05858048747665455, "42PL368D2": 0.03595121234162051, "42PL368D18": 0.034629883054074724, "42PL368D10": 0.07056037550795884, "42PL368D16": 0.28718637540355024, "42PL368D3": 0.23845101808724567, "42PL368D9": 0.09752425602014637}