{"42PL16D9": 0.026591561365999973, "42PL16D17": 0.030389188390813088, "42PL16D10": 0.13158145291821385, "42PL16D18": 0.03752852795739825, "42PL16D2": 0.11521103657126033, "42PL16D13": 0.039865926416133284, "42PL16D11": 0.06855676942810385, "42PL16D4": 0.04665400673890021, "42PL16D16": 0.07716731050356694, "42PL16D1": 0.05133872133213714, "42PL16D15": 0.022545203312093146, "42PL16D14": 0.05740980240913546, "42PL16D3": 0.06401457980757669, "42PL16D6": 0.27859471299050576, "42PL16D5": 0.05807900591914697, "42PL16D8": 0.3142391781257201, "42PL16D12": 0.46068743830519626, "42PL16D7": 0.21614096573208721}