{"42PL0D13": 0.027143994139430323, "42PL0D10": 0.10326984302541456, "42PL0D11": 0.033444163769000695, "42PL0D17": 0.061947803151999305, "42PL0D18": 0.1812989512007321, "42PL0D14": 0.03239175798917906, "42PL0D16": 0.047477718930043544, "42PL0D15": 0.018620101583064545, "42PL0D9": 0.022362244861837775, "42PL0D6": 0.05474923699302204, "42PL0D4": 0.0954698217825981, "42PL0D7": 0.06375991911845552, "42PL0D12": 0.020451904680087712, "42PL0D1": 0.041041649036506034, "42PL0D2": 0.24731465894736268, "42PL0D8": 0.05800141918366088, "42PL0D5": 0.24314375140216576, "42PL0D3": 0.5118246028326925}