{"42PL140D16": 0.0386670740816188, "42PL140D3": 0.09895287003555259, "42PL140D15": 0.07708825938576774, "42PL140D8": 0.18001417137298803, "42PL140D9": 0.05229411994181802, "42PL140D18": 0.02428978979763516, "42PL140D5": 0.04946040004218371, "42PL140D7": 0.06109480576428614, "42PL140D4": 0.07572359924278613, "42PL140D14": 0.02046074216436727, "42PL140D10": 0.10372282453608234, "42PL140D12": 0.042614473131467254, "42PL140D11": 0.04494948539172139, "42PL140D6": 0.06848668959193514, "42PL140D17": 0.07129208138271924, "42PL140D1": 0.45578878702593223, "42PL140D13": 0.27256616756684027, "42PL140D2": 0.4395373565315292}