{"42PL617D9": 0.10325816312637436, "42PL617D11": 0.025976071834243976, "42PL617D5": 0.05784512667380248, "42PL617D18": 0.05248964123691887, "42PL617D1": 0.07798891001688762, "42PL617D14": 0.11778834170945361, "42PL617D8": 0.043167305236270756, "42PL617D16": 0.020526526208562212, "42PL617D17": 0.01878619611959705, "42PL617D12": 0.05435702263164563, "42PL617D10": 0.032598595542650745, "42PL617D15": 0.0547569990297628, "42PL617D4": 0.0342243691437951, "42PL617D7": 0.06395126185049108, "42PL617D6": 0.34130509808462806, "42PL617D13": 0.2385926450924139, "42PL617D2": 0.3106835140715637, "42PL617D3": 0.05913520517167707}