{"42PL170D1": 0.026720376376362362, "42PL170D10": 0.05100830159538059, "42PL170D16": 0.1048344591524551, "42PL170D9": 0.14665212104801356, "42PL170D15": 0.04919009155486771, "42PL170D5": 0.19772448111210325, "42PL170D12": 0.05831599262525741, "42PL170D2": 0.027342213553107654, "42PL170D14": 0.012484141234606779, "42PL170D7": 0.04906476731559102, "42PL170D11": 0.06284978690199323, "42PL170D3": 0.06965214983634482, "42PL170D17": 0.053348750029704614, "42PL170D18": 0.04293601108321788, "42PL170D8": 0.03095929604699796, "42PL170D4": 0.1471758885968308, "42PL170D13": 0.3625729922828551, "42PL170D6": 0.3304540605414055}