{"42PL571D10": 0.027974975878942272, "42PL571D17": 0.0697179326560812, "42PL571D13": 0.24996503293726738, "42PL571D5": 0.02916589174654911, "42PL571D1": 0.06181845053596134, "42PL571D15": 0.02147636706063491, "42PL571D7": 0.06374058944508387, "42PL571D11": 0.05638622486467755, "42PL571D6": 0.04864645699596397, "42PL571D12": 0.04725274475329632, "42PL571D3": 0.042487795425414934, "42PL571D14": 0.1519583864323913, "42PL571D16": 0.11681801935602525, "42PL571D18": 0.04900941514938315, "42PL571D9": 0.0592384311108993, "42PL571D8": 0.1175745365428275, "42PL571D4": 0.3237231976234909, "42PL571D2": 0.4576942714458729}