{"42PL274D7": 0.04780073063453294, "42PL274D2": 0.029090033926727585, "42PL274D1": 0.03466719866712318, "42PL274D17": 0.09378945827190346, "42PL274D8": 0.07193042911263897, "42PL274D16": 0.0722051096213082, "42PL274D9": 0.021214213197969543, "42PL274D4": 0.04556959551242585, "42PL274D3": 0.04762511653154907, "42PL274D6": 0.05811049184526481, "42PL274D10": 0.03308949355026949, "42PL274D14": 0.2830765013928751, "42PL274D18": 0.2144591049382716, "42PL274D5": 0.06349855261536241, "42PL274D15": 0.10755361747625736, "42PL274D12": 0.08717237596789924, "42PL274D11": 0.335203873531308, "42PL274D13": 0.17927657129612048}