{"42PL558D10": 0.05302999831063416, "42PL558D9": 0.02840530197263604, "42PL558D8": 0.10283155141508522, "42PL558D7": 0.025152839133278954, "42PL558D3": 0.05679402267424046, "42PL558D14": 0.1337557510535792, "42PL558D11": 0.033702688489801236, "42PL558D5": 0.05218625491428431, "42PL558D15": 0.04055311562377702, "42PL558D4": 0.037570561681129336, "42PL558D1": 0.28794040648601577, "42PL558D17": 0.04885079155305108, "42PL558D6": 0.027131040985128783, "42PL558D2": 0.018337853032607977, "42PL558D12": 0.15767546815304898, "42PL558D13": 0.27425320152699, "42PL558D18": 0.0728095393916729, "42PL558D16": 0.0918349272567277}