{"42PL343D6": 0.04583202299660708, "42PL343D5": 0.12921577039592344, "42PL343D12": 0.04807293957691846, "42PL343D8": 0.07017201293275693, "42PL343D3": 0.024139637323294556, "42PL343D11": 0.037202963825583635, "42PL343D9": 0.050162762685036784, "42PL343D4": 0.05279115614004442, "42PL343D15": 0.04139385291337668, "42PL343D17": 0.03620414192264794, "42PL343D13": 0.08085631582848155, "42PL343D7": 0.03176734035541269, "42PL343D2": 0.029704087406369564, "42PL343D16": 0.05285561782759541, "42PL343D14": 0.27947108003315974, "42PL343D10": 0.08296734055507783, "42PL343D1": 0.36135277412563577, "42PL343D18": 0.3524683175141842}