{"42PL598D5": 0.044556988162936836, "42PL598D2": 0.06446488478047495, "42PL598D10": 0.13608235663159096, "42PL598D17": 0.044617650834230235, "42PL598D9": 0.1149893781440995, "42PL598D12": 0.019360090906778153, "42PL598D16": 0.035400714453123996, "42PL598D18": 0.03063208791208791, "42PL598D1": 0.06249739261030997, "42PL598D13": 0.042198186290141555, "42PL598D8": 0.0409933045326999, "42PL598D6": 0.034076612055385695, "42PL598D7": 0.02498465917095056, "42PL598D4": 0.12567581800308944, "42PL598D11": 0.07121409396104955, "42PL598D3": 0.078505643878313, "42PL598D15": 0.3035947850301675, "42PL598D14": 0.36809782345155073}