{"42PL103D15": 0.04617111701171712, "42PL103D13": 0.04869668937709466, "42PL103D12": 0.0764572252966129, "42PL103D7": 0.17210315215495792, "42PL103D14": 0.02312910302857095, "42PL103D18": 0.07060001165812742, "42PL103D1": 0.04778264665834909, "42PL103D4": 0.033868849600823384, "42PL103D2": 0.043363753646031226, "42PL103D3": 0.10568383986431054, "42PL103D16": 0.03909714798776818, "42PL103D6": 0.02993950280324414, "42PL103D11": 0.051441726002462655, "42PL103D8": 0.22505361361452503, "42PL103D10": 0.06588101688740053, "42PL103D17": 0.342390657999959, "42PL103D9": 0.08608669513286034, "42PL103D5": 0.5077891045448156}