{"24PL7099D1": 0.0896294531593608, "24PL7099D8": 0.27869868624954347, "24PL7099D7": 0.30909088359164305, "24PL7099D4": 0.5823887048871889, "24PL7099D6": 0.2620885867738021, "24PL7099D3": 0.1944047258162737, "24PL7099D5": 0.164817810905446, "24PL7099D2": 0.5307468126723278}