{"24PL7962D5": 0.14005695576687258, "24PL7962D4": 0.4865885433189099, "24PL7962D7": 0.18611041409156667, "24PL7962D1": 0.2967326521235496, "24PL7962D8": 0.35932714155967244, "24PL7962D6": 0.5149371700020863, "24PL7962D2": 0.11122246910526458, "24PL7962D3": 0.12834515965534718}