{"24PL8706D3": 0.1667126981333491, "24PL8706D5": 0.2968295251389807, "24PL8706D1": 0.359837469744293, "24PL8706D7": 0.34965682871666254, "24PL8706D8": 0.4015395471553006, "24PL8706D4": 0.16623687548760951, "24PL8706D2": 0.4822955217609128, "24PL8706D6": 0.13588921443191646}