{"24PL7047D3": 0.13176289813537342, "24PL7047D8": 0.4367396748318863, "24PL7047D1": 0.29396510406251686, "24PL7047D4": 0.4825597507938646, "24PL7047D2": 0.16980439866316996, "24PL7047D7": 0.19888953409750781, "24PL7047D6": 0.2800438379014766, "24PL7047D5": 0.36600646240624574}