{"24PL2004D8": 0.1022186109102852, "24PL2004D4": 0.2882701926259238, "24PL2004D5": 0.2414883335342423, "24PL2004D1": 0.3159888305199948, "24PL2004D2": 0.2854752105403951, "24PL2004D3": 0.20519921443791236, "24PL2004D6": 0.6918174147290145, "24PL2004D7": 0.16775076602429503}