{"24PL1469D6": 0.12618987527147071, "24PL1469D2": 0.43942166506730457, "24PL1469D4": 0.3953639654983516, "24PL1469D7": 0.1728461540869772, "24PL1469D5": 0.3413491988837676, "24PL1469D3": 0.3020468012800055, "24PL1469D1": 0.15638306351809977, "24PL1469D8": 0.0856230248237535}