{"24PL7718D2": 0.12308748578622482, "24PL7718D1": 0.3720867576465857, "24PL7718D4": 0.3096651644381541, "24PL7718D8": 0.2697745348935311, "24PL7718D5": 0.15613304323652463, "24PL7718D7": 0.4577768152884332, "24PL7718D6": 0.15753576226981744, "24PL7718D3": 0.11883416056444612}