{"24PL4683D2": 0.11575519665722205, "24PL4683D7": 0.27410669383957315, "24PL4683D3": 0.42381344055140724, "24PL4683D8": 0.2340856484172368, "24PL4683D4": 0.30077315182903724, "24PL4683D6": 0.15147665653729717, "24PL4683D5": 0.6180874350839256, "24PL4683D1": 0.3062951877478038}