{"24PL0D6": 0.1384291987326869, "24PL0D3": 0.23051393121659627, "24PL0D2": 0.3555277246215432, "24PL0D4": 0.49726258185969197, "24PL0D1": 0.11817578264644298, "24PL0D5": 0.38176139928260616, "24PL0D7": 0.48658170211435536, "24PL0D8": 0.12326764598675037}