{"24PL6353D6": 0.12789400627474856, "24PL6353D5": 0.3960773506878415, "24PL6353D1": 0.17012764993078033, "24PL6353D2": 0.43908639784828263, "24PL6353D3": 0.3805987709722896, "24PL6353D7": 0.37568757971938777, "24PL6353D8": 0.20048076577580073, "24PL6353D4": 0.13203476927164476}