{"24PL1620D4": 0.15296593419369842, "24PL1620D5": 0.42775376260964304, "24PL1620D8": 0.14001033060725238, "24PL1620D2": 0.42559445392307194, "24PL1620D7": 0.31847106705470446, "24PL1620D3": 0.43392868068727297, "24PL1620D1": 0.15259139898562976, "24PL1620D6": 0.19144598621749498}