{"24PL8035D6": 0.13275152357532344, "24PL8035D5": 0.3208544466234091, "24PL8035D2": 0.3887070106394434, "24PL8035D7": 0.1508021765021835, "24PL8035D8": 0.29505986481704616, "24PL8035D1": 0.4018551781972971, "24PL8035D3": 0.25021054742330057, "24PL8035D4": 0.19551774999641994}