{"24PL9925D8": 0.12973006445220783, "24PL9925D6": 0.29831872542595017, "24PL9925D7": 0.28991135300232135, "24PL9925D2": 0.1246456807730472, "24PL9925D3": 0.5112930276132335, "24PL9925D4": 0.3926476154428463, "24PL9925D1": 0.490528201516131, "24PL9925D5": 0.16093695856942758}