{"24PL3445D6": 0.10012423936200462, "24PL3445D8": 0.3460712369137894, "24PL3445D4": 0.3244416608083862, "24PL3445D3": 0.2242122055095517, "24PL3445D1": 0.09617943617532067, "24PL3445D2": 0.4563229424544031, "24PL3445D5": 0.3772840036570255, "24PL3445D7": 0.1689270872986925}