{"24PL9486D2": 0.08516260582639305, "24PL9486D1": 0.3571970016002695, "24PL9486D5": 0.3344213649851632, "24PL9486D6": 0.14674922696399098, "24PL9486D3": 0.5659353682884942, "24PL9486D4": 0.25480213064083, "24PL9486D7": 0.3737770880496604, "24PL9486D8": 0.14864503816793892}