{"24PL8870D5": 0.09822286861281149, "24PL8870D1": 0.356508545015247, "24PL8870D6": 0.4962110956234561, "24PL8870D2": 0.2288930237337649, "24PL8870D7": 0.2729555636188581, "24PL8870D3": 0.2728811872852102, "24PL8870D8": 0.36370396578392017, "24PL8870D4": 0.2012980728610601}