{"24PL8645D8": 0.12297112294832498, "24PL8645D5": 0.45155693806371433, "24PL8645D4": 0.40568618218536434, "24PL8645D7": 0.2509417733470867, "24PL8645D1": 0.30248207162577395, "24PL8645D3": 0.34451097738229997, "24PL8645D2": 0.23941828594729184, "24PL8645D6": 0.09339357114383388}