{"24PL4458D4": 0.11908183820844181, "24PL4458D1": 0.21450369864173843, "24PL4458D6": 0.32122481552289417, "24PL4458D3": 0.5448164602444481, "24PL4458D7": 0.3879530049018738, "24PL4458D2": 0.12003891247277307, "24PL4458D8": 0.43345930774063796, "24PL4458D5": 0.2615558797879724}