{"24PL3384D2": 0.11012470601290655, "24PL3384D6": 0.24086456980608809, "24PL3384D1": 0.42635542868351906, "24PL3384D5": 0.29035742258230235, "24PL3384D8": 0.19885154415429726, "24PL3384D7": 0.46869759904954544, "24PL3384D3": 0.12455953848339191, "24PL3384D4": 0.1175779685601688}