{"24PL6153D3": 0.1092182665170526, "24PL6153D7": 0.440304019725341, "24PL6153D1": 0.21887117275111417, "24PL6153D4": 0.42511781571101426, "24PL6153D6": 0.13242289897440235, "24PL6153D2": 0.4900221362174609, "24PL6153D5": 0.30050542243858575, "24PL6153D8": 0.14033430818945278}