{"24PL9023D6": 0.07288808502536649, "24PL9023D7": 0.37813111433168306, "24PL9023D8": 0.21371303632581995, "24PL9023D4": 0.34692102474143915, "24PL9023D1": 0.1461648557769894, "24PL9023D2": 0.4709742306893518, "24PL9023D5": 0.2539953367164998, "24PL9023D3": 0.16365387954551264}