{"24PL2644D1": 0.1519617841323584, "24PL2644D3": 0.27066537389407347, "24PL2644D6": 0.1629910470501783, "24PL2644D5": 0.28714307889177465, "24PL2644D7": 0.5714542965863278, "24PL2644D8": 0.28528658804374607, "24PL2644D4": 0.6126419143973824, "24PL2644D2": 0.12838223562389758}