{"24PL1144D4": 0.12857294361725397, "24PL1144D7": 0.4742836824731149, "24PL1144D3": 0.18121379788331363, "24PL1144D2": 0.26551196654913145, "24PL1144D8": 0.12546315448006168, "24PL1144D1": 0.41687028209992755, "24PL1144D5": 0.21121036183288006, "24PL1144D6": 0.6725431502158473}