{"24PL5107D8": 0.15070353718197263, "24PL5107D5": 0.2353635737479091, "24PL5107D4": 0.3471447367696686, "24PL5107D1": 0.4225226956503604, "24PL5107D6": 0.4247341733548386, "24PL5107D2": 0.09066665623171846, "24PL5107D7": 0.34976053355843995, "24PL5107D3": 0.16716551536483248}