{"24PL5971D2": 0.12000925554166411, "24PL5971D7": 0.4244420081415604, "24PL5971D8": 0.13983532084043157, "24PL5971D3": 0.4363494044491154, "24PL5971D4": 0.3370294484819244, "24PL5971D6": 0.1660476427433809, "24PL5971D5": 0.5266781958996358, "24PL5971D1": 0.14026855487140458}