{"24PL7503D6": 0.09535140180928804, "24PL7503D3": 0.16468171930896866, "24PL7503D8": 0.30089861970876525, "24PL7503D2": 0.2353426171729893, "24PL7503D4": 0.2611368031615236, "24PL7503D7": 0.4870919937542353, "24PL7503D5": 0.5276534609277623, "24PL7503D1": 0.17801935942488217}