{"24PL2518D3": 0.09765109789306872, "24PL2518D6": 0.38428450979648326, "24PL2518D8": 0.4023775824232902, "24PL2518D7": 0.3387864653461378, "24PL2518D4": 0.25034678555429013, "24PL2518D5": 0.3416176707938484, "24PL2518D2": 0.12702898855864714, "24PL2518D1": 0.1354877257233248}