{"24PL5410D6": 0.09646078632305428, "24PL5410D2": 0.22795126366897245, "24PL5410D7": 0.23113354855216423, "24PL5410D4": 0.36160093247796643, "24PL5410D5": 0.49634318961084267, "24PL5410D8": 0.6668569758200802, "24PL5410D1": 0.18434558079250518, "24PL5410D3": 0.15214897622353543}