{"24PL237D3": 0.09394394671963781, "24PL237D5": 0.2531790242028429, "24PL237D7": 0.49294606439460115, "24PL237D4": 0.33948937172758636, "24PL237D6": 0.20932923095085257, "24PL237D8": 0.2875981343402573, "24PL237D2": 0.15604947523536045, "24PL237D1": 0.5397649811781463}