{"24PL2618D1": 0.1129161696317396, "24PL2618D5": 0.4270636949901954, "24PL2618D7": 0.20866551634383507, "24PL2618D6": 0.14879776914563486, "24PL2618D4": 0.4323027580836246, "24PL2618D3": 0.6266094794618438, "24PL2618D2": 0.3903206508263243, "24PL2618D8": 0.14818178854586925}