{"24PL1432D1": 0.15461428319069553, "24PL1432D2": 0.28866293804450954, "24PL1432D6": 0.5232935648678866, "24PL1432D4": 0.2854510934998611, "24PL1432D7": 0.4624145654048486, "24PL1432D8": 0.2168963460171632, "24PL1432D5": 0.20012538107805794, "24PL1432D3": 0.15415238981561125}