{"42PL267D18": 0.3011916303718303, "42PL267D10": 0.4502972048289761, "42PL267D11": 0.4114990324404626, "42PL267D9": 0.4194665757865616, "42PL267D17": 0.34529674190305487, "42PL267D7": 0.6499887388155964, "42PL267D14": 0.35663012562948126, "42PL267D16": 0.3164268171392616, "42PL267D13": 0.47882363661214633, "42PL267D12": 0.6279277495249451, "42PL267D2": 0.34603652458231987, "42PL267D5": 0.535269102961038, "42PL267D4": 0.6018612114932653, "42PL267D1": 0.43619218979075036, "42PL267D8": 0.4677068717775336, "42PL267D6": 0.5649971540592019, "42PL267D3": 0.8069970907392071, "42PL267D15": 0.8598774149713103}