{"42PL274D7": 0.3623526117587875, "42PL274D2": 0.38271240242931603, "42PL274D1": 0.41095266126122704, "42PL274D17": 0.5753067625621243, "42PL274D8": 0.4217160360944826, "42PL274D16": 0.37580196855435527, "42PL274D9": 0.2744760854533211, "42PL274D4": 0.4756455389398046, "42PL274D3": 0.40896386663352263, "42PL274D6": 0.5435340283828826, "42PL274D10": 0.4367584560213141, "42PL274D14": 0.7355620896480229, "42PL274D18": 0.6369377103481808, "42PL274D5": 0.4623723098868841, "42PL274D15": 0.503362383288372, "42PL274D12": 0.4743553714820121, "42PL274D11": 0.6854373550573825, "42PL274D13": 0.8139065968757001}