{"42PL103D15": 0.35243848428712254, "42PL103D13": 0.4235591849228213, "42PL103D12": 0.49042205996889315, "42PL103D7": 0.6881999358464779, "42PL103D14": 0.3296649649485764, "42PL103D18": 0.3563357618718262, "42PL103D1": 0.39504787503843103, "42PL103D4": 0.28268503015383967, "42PL103D2": 0.46607944933792217, "42PL103D3": 0.5304036311492548, "42PL103D16": 0.363522803284898, "42PL103D6": 0.3474735331756311, "42PL103D11": 0.5186389372658117, "42PL103D8": 0.6658696719371916, "42PL103D10": 0.6059151148715183, "42PL103D17": 0.8080999553627726, "42PL103D9": 0.4854272305110411, "42PL103D5": 0.8978813254312931}