{"42PL630D8": 0.3321521061399988, "42PL630D3": 0.5339610468590527, "42PL630D11": 0.5270864705656277, "42PL630D2": 0.36558591486516606, "42PL630D4": 0.27292433749935174, "42PL630D7": 0.5023372877591922, "42PL630D10": 0.4658154296875, "42PL630D18": 0.3551388921739894, "42PL630D12": 0.5865574609359346, "42PL630D13": 0.32127111632477867, "42PL630D15": 0.3243830398262021, "42PL630D6": 0.6866026869215418, "42PL630D9": 0.6132655442750602, "42PL630D17": 0.3970863176492539, "42PL630D14": 0.4777022865200684, "42PL630D5": 0.47695569690882716, "42PL630D1": 0.8312507557741142, "42PL630D16": 0.8428747336942712}