{"42PL140D16": 0.3549374304322687, "42PL140D3": 0.5769730212870013, "42PL140D15": 0.49093904448105435, "42PL140D8": 0.5127042770688366, "42PL140D9": 0.40140001964380995, "42PL140D18": 0.2900174680606163, "42PL140D5": 0.35592070103407614, "42PL140D7": 0.504205150494404, "42PL140D4": 0.4403542780171483, "42PL140D14": 0.32258374886045743, "42PL140D10": 0.6185625913224817, "42PL140D12": 0.38133227365784217, "42PL140D11": 0.41997934885467325, "42PL140D6": 0.5383601063909718, "42PL140D17": 0.5140764865728901, "42PL140D1": 0.7560098515254428, "42PL140D13": 0.8518542956393487, "42PL140D2": 0.827907105840183}