{"42PL218D7": 0.39922655078384395, "42PL218D13": 0.2554715691115585, "42PL218D18": 0.33745633860694474, "42PL218D12": 0.5441218706798157, "42PL218D11": 0.43853033269840896, "42PL218D10": 0.2890064555461123, "42PL218D15": 0.4850016138402944, "42PL218D8": 0.4058620520453393, "42PL218D9": 0.4374966752843297, "42PL218D14": 0.5091021710179937, "42PL218D6": 0.5936126342892352, "42PL218D2": 0.5372931674412211, "42PL218D1": 0.7810940380289421, "42PL218D16": 0.4246163559349984, "42PL218D4": 0.6996615383499178, "42PL218D5": 0.6445890527250643, "42PL218D3": 0.45505628875712095, "42PL218D17": 0.8801956767346373}