{"42PL598D5": 0.37866614802503623, "42PL598D2": 0.4032720163079904, "42PL598D10": 0.6359965067618389, "42PL598D17": 0.39800425402221185, "42PL598D9": 0.5385651717424322, "42PL598D12": 0.3066922039079527, "42PL598D16": 0.3174909416027481, "42PL598D18": 0.3305187975930561, "42PL598D1": 0.5409982044581989, "42PL598D13": 0.4525005371957856, "42PL598D8": 0.5290480172527617, "42PL598D6": 0.3138325798951323, "42PL598D7": 0.40012680912145054, "42PL598D4": 0.5856831707304148, "42PL598D11": 0.46539563852952476, "42PL598D3": 0.5497987310236491, "42PL598D15": 0.7676417367164091, "42PL598D14": 0.807245550724247}