{"42PL571D10": 0.35021770396201507, "42PL571D17": 0.5128580976395176, "42PL571D13": 0.7537011719891097, "42PL571D5": 0.3598755152739483, "42PL571D1": 0.39833015523543824, "42PL571D15": 0.26434821688212123, "42PL571D7": 0.37711040314140976, "42PL571D11": 0.41538422400758096, "42PL571D6": 0.4875476976909039, "42PL571D12": 0.5171016319124082, "42PL571D3": 0.4278962035893504, "42PL571D14": 0.6428630711909574, "42PL571D16": 0.5489815089312183, "42PL571D18": 0.41655530809205643, "42PL571D9": 0.44819726804485205, "42PL571D8": 0.5938845760539241, "42PL571D4": 0.7575941823375846, "42PL571D2": 0.8971304729053445}