{"42PL343D6": 0.36995624122760457, "42PL343D5": 0.6228709879500314, "42PL343D12": 0.4038421468207839, "42PL343D8": 0.40213298201446523, "42PL343D3": 0.26989142198792027, "42PL343D11": 0.344873014711264, "42PL343D9": 0.4972000277912874, "42PL343D4": 0.5792246005260524, "42PL343D15": 0.4369579634185474, "42PL343D17": 0.4188201011656037, "42PL343D13": 0.44956920363245173, "42PL343D7": 0.3360920758503852, "42PL343D2": 0.38860209961322917, "42PL343D16": 0.5388901736650258, "42PL343D14": 0.7089621188789652, "42PL343D10": 0.505984835656902, "42PL343D1": 0.7559211495090251, "42PL343D18": 0.8530067149116625}