{"42PL480D2": 0.35851754805422187, "42PL480D12": 0.455446584860401, "42PL480D10": 0.5217447173583579, "42PL480D3": 0.38542364828750564, "42PL480D11": 0.5899470233676024, "42PL480D14": 0.33123283433104606, "42PL480D15": 0.4821110565674011, "42PL480D7": 0.43035969706551036, "42PL480D18": 0.5646892025691136, "42PL480D9": 0.4027968682913054, "42PL480D1": 0.3394674601919321, "42PL480D16": 0.4963092293779894, "42PL480D8": 0.6085209161461291, "42PL480D4": 0.6261620588455545, "42PL480D13": 0.5098187894489261, "42PL480D5": 0.787599009852012, "42PL480D17": 0.41677465089334714, "42PL480D6": 0.8131626332218661}