{"42PL0D13": 0.27483963235274855, "42PL0D10": 0.47775630568452754, "42PL0D11": 0.3832819921082184, "42PL0D17": 0.50600223275827, "42PL0D18": 0.6489086136201643, "42PL0D14": 0.3550061481038426, "42PL0D16": 0.39926803386967535, "42PL0D15": 0.2749685121905784, "42PL0D9": 0.3415255683029812, "42PL0D6": 0.570513662402663, "42PL0D4": 0.6147736175599651, "42PL0D7": 0.5177277291338255, "42PL0D12": 0.31405268423192134, "42PL0D1": 0.5237952568233193, "42PL0D2": 0.7016484666761212, "42PL0D8": 0.47235445709866286, "42PL0D5": 0.6516758008566677, "42PL0D3": 0.913005958915651}