{"42PL170D1": 0.30916073497765273, "42PL170D10": 0.39726484647168436, "42PL170D16": 0.6157844489233054, "42PL170D9": 0.6478192332333007, "42PL170D15": 0.4165115475644153, "42PL170D5": 0.5502656404067757, "42PL170D12": 0.426870841947708, "42PL170D2": 0.34960050494942807, "42PL170D14": 0.255569406006267, "42PL170D7": 0.47852276178079517, "42PL170D11": 0.4371482120984047, "42PL170D3": 0.4581566165632711, "42PL170D17": 0.5320555070175708, "42PL170D18": 0.4123857531962542, "42PL170D8": 0.30096426318477204, "42PL170D4": 0.6904098040638356, "42PL170D13": 0.7906295866931597, "42PL170D6": 0.7656775849379439}