{"42PL617D9": 0.4643317561544264, "42PL617D11": 0.3036534997826222, "42PL617D5": 0.3976724163306155, "42PL617D18": 0.41453991101733534, "42PL617D1": 0.5283253063680591, "42PL617D14": 0.5126440803156647, "42PL617D8": 0.34402400915813247, "42PL617D16": 0.26626534160201354, "42PL617D17": 0.2585065719438944, "42PL617D12": 0.46345592967767, "42PL617D10": 0.3784111353741777, "42PL617D15": 0.531309349361538, "42PL617D4": 0.39318497858668133, "42PL617D7": 0.5208767806665863, "42PL617D6": 0.8074771715244975, "42PL617D13": 0.6271989765671315, "42PL617D2": 0.7805604684053726, "42PL617D3": 0.4504369226766122}