{"42PL721D3": 0.29956287352608624, "42PL721D10": 0.3976547326656494, "42PL721D16": 0.40727902344313055, "42PL721D6": 0.5160929915293855, "42PL721D12": 0.6704646211513855, "42PL721D7": 0.5952936420371758, "42PL721D11": 0.3606235806189673, "42PL721D2": 0.4752240310217033, "42PL721D8": 0.6489614476789929, "42PL721D9": 0.4336695171990643, "42PL721D14": 0.39008685645395513, "42PL721D5": 0.5398122996040523, "42PL721D15": 0.6881478008065273, "42PL721D13": 0.7078886708863408, "42PL721D4": 0.43520941395060775, "42PL721D18": 0.6292552210358043, "42PL721D17": 0.500611256226461, "42PL721D1": 0.8725168542021544}