{"42PL424D6": 0.3972087073232111, "42PL424D9": 0.3970060312362016, "42PL424D11": 0.40251440411609735, "42PL424D2": 0.3995656447653504, "42PL424D5": 0.5375757377098782, "42PL424D13": 0.5508856073036308, "42PL424D15": 0.2807373700863038, "42PL424D4": 0.2638779431927366, "42PL424D12": 0.47964007283398447, "42PL424D10": 0.4709027770097654, "42PL424D17": 0.5310983509612998, "42PL424D16": 0.5437118952200158, "42PL424D8": 0.6961861941285374, "42PL424D14": 0.342353171386241, "42PL424D7": 0.5828011440896517, "42PL424D1": 0.6823553606710295, "42PL424D18": 0.872368850606464, "42PL424D3": 0.6573316921340034}