{"42PL102D2": 0.3151292822027911, "42PL102D3": 0.4420949554748644, "42PL102D12": 0.36921781941001985, "42PL102D5": 0.6179756582779253, "42PL102D7": 0.4880002247073788, "42PL102D10": 0.3115630655479101, "42PL102D8": 0.39143144596480883, "42PL102D17": 0.5571852609249693, "42PL102D1": 0.5406663693105127, "42PL102D16": 0.4372379988698635, "42PL102D15": 0.37053776118425363, "42PL102D11": 0.2962967214620259, "42PL102D14": 0.5470444747863706, "42PL102D6": 0.6492198231834032, "42PL102D9": 0.5080585129994741, "42PL102D13": 0.4739006128003218, "42PL102D18": 0.8215379974168733, "42PL102D4": 0.8425311851266695}