{"42PL248D13": 0.4016530496652002, "42PL248D11": 0.44916086744760064, "42PL248D18": 0.4327524792731001, "42PL248D16": 0.6922810837207882, "42PL248D3": 0.5217334783263623, "42PL248D12": 0.31176237182198874, "42PL248D17": 0.3327404767724589, "42PL248D1": 0.35879719055886283, "42PL248D5": 0.5138985679628184, "42PL248D8": 0.5653702769873573, "42PL248D7": 0.38811833776779603, "42PL248D10": 0.41519179300844195, "42PL248D6": 0.5283023475152844, "42PL248D4": 0.5323962807227288, "42PL248D14": 0.6358402097852267, "42PL248D9": 0.6878830272266386, "42PL248D15": 0.4897614636036887, "42PL248D2": 0.8668279338868341}