{"42PL16D9": 0.3011581297842847, "42PL16D17": 0.33522655268948515, "42PL16D10": 0.6314358666266146, "42PL16D18": 0.38101382933086164, "42PL16D2": 0.5296116470843755, "42PL16D13": 0.42647084121795975, "42PL16D11": 0.3852162929472386, "42PL16D4": 0.4408140702669401, "42PL16D16": 0.44675681278312257, "42PL16D1": 0.4685402375156746, "42PL16D15": 0.2865213159199078, "42PL16D14": 0.45378880832045076, "42PL16D3": 0.5539744583549073, "42PL16D6": 0.6819306206844352, "42PL16D5": 0.5828846943849862, "42PL16D8": 0.7505794502487915, "42PL16D12": 0.7904024767801857, "42PL16D7": 0.8272229075246204}