{"42PL397D2": 0.3424826282994271, "42PL397D3": 0.3924909721088065, "42PL397D9": 0.45928529584065614, "42PL397D1": 0.6021717723696882, "42PL397D12": 0.6200867743595764, "42PL397D13": 0.365885191833039, "42PL397D11": 0.35515150542981344, "42PL397D15": 0.25044318089871936, "42PL397D10": 0.4030037445929369, "42PL397D5": 0.5774244881721088, "42PL397D4": 0.46528323768305924, "42PL397D6": 0.4253881979415259, "42PL397D8": 0.5155621724342447, "42PL397D17": 0.43126013035831295, "42PL397D16": 0.5340624620644175, "42PL397D18": 0.7351629834476865, "42PL397D7": 0.7895743989603639, "42PL397D14": 0.8778636790495534}