{"42PL44D9": 0.3360603734152245, "42PL44D12": 0.3216793566477215, "42PL44D17": 0.4005715080625529, "42PL44D13": 0.4562771043759353, "42PL44D2": 0.6623043675944541, "42PL44D18": 0.3472753866741356, "42PL44D3": 0.6861555292000654, "42PL44D7": 0.27155299547165884, "42PL44D1": 0.46340311733243894, "42PL44D5": 0.5720946796528192, "42PL44D14": 0.4537866347732788, "42PL44D15": 0.3457803035967995, "42PL44D8": 0.5343089960328001, "42PL44D6": 0.43731191882175025, "42PL44D11": 0.742268590228915, "42PL44D10": 0.6654015113300782, "42PL44D16": 0.47932573789059896, "42PL44D4": 0.8080295237444362}