{"42PL764D7": 0.34805399802101494, "42PL764D16": 0.34525606655293206, "42PL764D3": 0.6058098540252324, "42PL764D8": 0.41196737781454995, "42PL764D1": 0.34324846159912287, "42PL764D5": 0.322086399937363, "42PL764D15": 0.34016675474581876, "42PL764D13": 0.5675862068965517, "42PL764D9": 0.4548265248377049, "42PL764D10": 0.43284629709210715, "42PL764D4": 0.4701618667788979, "42PL764D14": 0.519250406777759, "42PL764D11": 0.3006638910768538, "42PL764D6": 0.44013465649673716, "42PL764D18": 0.593322792416549, "42PL764D2": 0.5484537995957229, "42PL764D17": 0.7475135251334599, "42PL764D12": 0.8652256816378795}