{"42PL687D4": 0.33877609547690657, "42PL687D3": 0.4582340849347398, "42PL687D15": 0.43408178065379893, "42PL687D17": 0.44295952361500684, "42PL687D8": 0.7233877014844591, "42PL687D7": 0.4346456213672006, "42PL687D12": 0.31299523816265756, "42PL687D2": 0.3544302701204673, "42PL687D14": 0.4071412851314323, "42PL687D11": 0.4782334325434201, "42PL687D6": 0.5243808583398073, "42PL687D9": 0.5178924732436063, "42PL687D10": 0.3182024752153851, "42PL687D16": 0.467872793359981, "42PL687D18": 0.7538583533635561, "42PL687D1": 0.5944378770258885, "42PL687D13": 0.6965383394951038, "42PL687D5": 0.8392342164775203}