{"42PL471D8": 0.42218589707457305, "42PL471D18": 0.30907273096997223, "42PL471D2": 0.4813497560801343, "42PL471D15": 0.49337672113894815, "42PL471D13": 0.46725084937712347, "42PL471D5": 0.275248085846691, "42PL471D6": 0.39857257471418067, "42PL471D11": 0.41261008647516784, "42PL471D7": 0.4335766817111107, "42PL471D3": 0.4681748751362295, "42PL471D14": 0.3086294880657098, "42PL471D9": 0.5246576299789569, "42PL471D12": 0.6487359276558142, "42PL471D10": 0.7818791946308725, "42PL471D4": 0.46734975540316925, "42PL471D1": 0.6184007813321097, "42PL471D16": 0.7003472291569778, "42PL471D17": 0.8969160926737633}