{"42PL547D10": 0.35442026765528234, "42PL547D12": 0.5064709435293958, "42PL547D8": 0.49428381995736875, "42PL547D15": 0.42540653270090084, "42PL547D9": 0.2767111375546351, "42PL547D1": 0.3317743744056321, "42PL547D2": 0.3723978425116945, "42PL547D18": 0.5161782309909111, "42PL547D6": 0.5364653235851805, "42PL547D14": 0.3989705434658226, "42PL547D17": 0.5676991906014139, "42PL547D5": 0.38457259345062267, "42PL547D7": 0.4354395184273818, "42PL547D11": 0.6174442175635462, "42PL547D3": 0.4504761769791106, "42PL547D13": 0.7429948969643733, "42PL547D4": 0.6739844218847697, "42PL547D16": 0.8907615002997028}