{"42PL51D14": 0.34725626852519426, "42PL51D15": 0.38159135159717844, "42PL51D17": 0.602607256294082, "42PL51D10": 0.3896130156515891, "42PL51D16": 0.39211826669006367, "42PL51D2": 0.2777765325563151, "42PL51D12": 0.2774269214021683, "42PL51D1": 0.553729741939127, "42PL51D8": 0.49491780324638285, "42PL51D6": 0.5342541505586208, "42PL51D11": 0.3673642232700726, "42PL51D13": 0.6569613155848343, "42PL51D4": 0.5154656770182726, "42PL51D7": 0.4932107320000944, "42PL51D18": 0.6873270246202393, "42PL51D9": 0.8053615084159946, "42PL51D3": 0.45170931785866913, "42PL51D5": 0.7943247913168334}