{"42PL481D8": 0.3973213780664597, "42PL481D9": 0.3062619515563582, "42PL481D11": 0.4150092615848298, "42PL481D3": 0.40084358010283033, "42PL481D7": 0.5703183746435311, "42PL481D10": 0.7637204092194911, "42PL481D15": 0.49150828652061296, "42PL481D4": 0.39107786058289923, "42PL481D16": 0.28738530483330027, "42PL481D18": 0.49473920410138605, "42PL481D13": 0.5983013566261077, "42PL481D12": 0.5261438849749708, "42PL481D1": 0.4890457446780761, "42PL481D5": 0.32417826988079174, "42PL481D2": 0.48609940267415686, "42PL481D6": 0.6565911972684151, "42PL481D17": 0.7380870325695842, "42PL481D14": 0.7668383003068602}