{"42PL558D10": 0.36557899560777934, "42PL558D9": 0.2796185169991446, "42PL558D8": 0.5988981949691776, "42PL558D7": 0.3373167162483513, "42PL558D3": 0.3516759764900924, "42PL558D14": 0.5144183798888551, "42PL558D11": 0.4222668738356911, "42PL558D5": 0.4107886716006897, "42PL558D15": 0.4567229279912765, "42PL558D4": 0.41678837436413196, "42PL558D1": 0.7329178435025506, "42PL558D17": 0.5052768797707258, "42PL558D6": 0.3408126523376911, "42PL558D2": 0.39366891916308316, "42PL558D12": 0.6080307019452543, "42PL558D13": 0.7378368699586746, "42PL558D18": 0.46562789633496077, "42PL558D16": 0.45779524219664225}