{"42PL368D14": 0.30413620779824513, "42PL368D1": 0.4114516758126118, "42PL368D11": 0.38230108309311245, "42PL368D7": 0.5736866339100434, "42PL368D4": 0.38146644844517186, "42PL368D15": 0.37197268279423756, "42PL368D13": 0.3345382804047604, "42PL368D12": 0.4326960201214518, "42PL368D6": 0.7563582674486644, "42PL368D5": 0.4165104517765404, "42PL368D8": 0.5290517252479816, "42PL368D17": 0.49330817900728935, "42PL368D2": 0.33712221596994063, "42PL368D18": 0.5250850616561559, "42PL368D10": 0.5566574628010431, "42PL368D16": 0.7274121009559644, "42PL368D3": 0.7188237793325469, "42PL368D9": 0.4600887168611776}