{"42PL127D13": 0.34135715489304963, "42PL127D17": 0.5825972297428563, "42PL127D15": 0.4345826221000295, "42PL127D2": 0.4813212415176345, "42PL127D7": 0.4237843002262094, "42PL127D3": 0.34359696294418274, "42PL127D6": 0.25244795489424166, "42PL127D14": 0.34988111253637016, "42PL127D9": 0.5401844323687088, "42PL127D8": 0.4741487155989191, "42PL127D5": 0.4347579522606589, "42PL127D18": 0.5323490303156997, "42PL127D4": 0.6468751670016978, "42PL127D10": 0.4845238298089867, "42PL127D12": 0.5002155909422068, "42PL127D16": 0.48234964617136883, "42PL127D11": 0.9015271564082342, "42PL127D1": 0.8604594096764119}