{"42PL549D2": 0.27908331683638404, "42PL549D8": 0.40793257615628764, "42PL549D11": 0.4107194948581135, "42PL549D17": 0.6030697736395889, "42PL549D7": 0.45055802761604247, "42PL549D9": 0.328487726929735, "42PL549D12": 0.5267693255862768, "42PL549D3": 0.42732657212454306, "42PL549D15": 0.39383016290768563, "42PL549D1": 0.4029186645777616, "42PL549D6": 0.33848188761360243, "42PL549D5": 0.6345886690145346, "42PL549D4": 0.7097840954807564, "42PL549D13": 0.5990919027999664, "42PL549D18": 0.4572808750288945, "42PL549D14": 0.6988447941992302, "42PL549D10": 0.4771285169790774, "42PL549D16": 0.8822669980222021}