{"42PL708D1": 0.4076355331965314, "42PL708D14": 0.3279292141336238, "42PL708D17": 0.4825200330017811, "42PL708D8": 0.40319719961721384, "42PL708D7": 0.6495478086453383, "42PL708D9": 0.32215767329547357, "42PL708D6": 0.26299774408478044, "42PL708D15": 0.4192458104415625, "42PL708D16": 0.47994167755508343, "42PL708D2": 0.541476241948432, "42PL708D10": 0.4075793295704846, "42PL708D3": 0.49907974878090433, "42PL708D13": 0.5693487667730667, "42PL708D12": 0.7891025880166452, "42PL708D4": 0.6813564294129615, "42PL708D18": 0.4295005844394985, "42PL708D11": 0.6466274728454573, "42PL708D5": 0.8072921750656317}