{"26PL0D1": 0.5810716706437267, "26PL0D5": 0.4666589835814255, "26PL0D6": 0.5168106696396313, "26PL0D3": 0.5032007718472925, "26PL0D2": 0.550061676890042, "26PL0D4": 0.6103612636515086, "26PL0D10": 0.6443770399160391, "26PL0D7": 0.5702780050052066, "26PL0D8": 0.4802918175615389, "26PL0D11": 0.4722641554645005, "26PL0D9": 0.4294209643147452, "26PL0D14": 0.19625723368778164, "26PL0D12": 0.3459261065410726, "26PL0D13": 0.2008966813120009}