{"24PL7099D1": 0.5564306117149534, "24PL7099D8": 0.3446455111174286, "24PL7099D7": 0.25649979196042627, "24PL7099D4": 0.1077747784177222, "24PL7099D6": 0.468142205465116, "24PL7099D3": 0.4740966858352733, "24PL7099D5": 0.20880077242393988, "24PL7099D2": 0.07116407512591592}