{"24PL1620D4": 0.4387594876443175, "24PL1620D5": 0.21791211955622167, "24PL1620D8": 0.5103759080152925, "24PL1620D2": 0.2691225996519384, "24PL1620D7": 0.39447851891723446, "24PL1620D3": 0.20464159418613853, "24PL1620D1": 0.22720981032506435, "24PL1620D6": 0.1412858663085435}