{"24PL1469D6": 0.5254088069811057, "24PL1469D2": 0.22812618725463404, "24PL1469D4": 0.2937331110515817, "24PL1469D7": 0.3058744726126148, "24PL1469D5": 0.12422165223809388, "24PL1469D3": 0.4421931762855324, "24PL1469D1": 0.5426125599898964, "24PL1469D8": 0.1801997876089671}