{"24PL5410D6": 0.5536207385067545, "24PL5410D2": 0.3951140307245482, "24PL5410D7": 0.35745264366349894, "24PL5410D4": 0.16185764000085398, "24PL5410D5": 0.27267816126692457, "24PL5410D8": 0.08052966042384031, "24PL5410D1": 0.5240068500391128, "24PL5410D3": 0.22061969005853593}