{"24PL7718D2": 0.5100624164402738, "24PL7718D1": 0.18307042342078725, "24PL7718D4": 0.3301318749410671, "24PL7718D8": 0.3342823239057989, "24PL7718D5": 0.5533334677338064, "24PL7718D7": 0.284573032029778, "24PL7718D6": 0.2977125353490535, "24PL7718D3": 0.1976255140178959}