{"24PL4458D4": 0.3556530163509348, "24PL4458D1": 0.3192427512946947, "24PL4458D6": 0.36955313286210617, "24PL4458D3": 0.1415748497822305, "24PL4458D7": 0.2824181788991644, "24PL4458D2": 0.5433754805620298, "24PL4458D8": 0.3353631382268089, "24PL4458D5": 0.15055936393862943}