{"24PL8035D6": 0.4422268011070606, "24PL8035D5": 0.3440617892342684, "24PL8035D2": 0.26437570502453145, "24PL8035D7": 0.4011586808863755, "24PL8035D8": 0.13751430462828493, "24PL8035D1": 0.35795033773927876, "24PL8035D3": 0.46580303872800227, "24PL8035D4": 0.2030594788881135}