{"24PL8870D5": 0.492495056190614, "24PL8870D1": 0.26940005530873384, "24PL8870D6": 0.23273413098533358, "24PL8870D2": 0.48105329376398615, "24PL8870D7": 0.13517779431328777, "24PL8870D3": 0.4588988147648483, "24PL8870D8": 0.2773968015420553, "24PL8870D4": 0.23060359929925148}