{"24PL2644D1": 0.4680175752336061, "24PL2644D3": 0.3431807760718731, "24PL2644D6": 0.5084865999719619, "24PL2644D5": 0.23460287463549304, "24PL2644D7": 0.09805787179798749, "24PL2644D8": 0.4406602917713797, "24PL2644D4": 0.09159302962949578, "24PL2644D2": 0.2202563348140281}