{"24PL6353D6": 0.4611936887462918, "24PL6353D5": 0.2803544817395152, "24PL6353D1": 0.4189450970555436, "24PL6353D2": 0.11601646041240869, "24PL6353D3": 0.3743319177962542, "24PL6353D7": 0.26231921100642513, "24PL6353D8": 0.49017082451604066, "24PL6353D4": 0.20199033764010574}