{"24PL5971D2": 0.47360234629991493, "24PL5971D7": 0.2185419239805726, "24PL5971D8": 0.4568073110428172, "24PL5971D3": 0.16145996400744286, "24PL5971D4": 0.3382355589167387, "24PL5971D6": 0.5509461246585671, "24PL5971D5": 0.24637735692864587, "24PL5971D1": 0.19792333934184456}