{"24PL7962D5": 0.4544053719181822, "24PL7962D4": 0.19880729075350115, "24PL7962D7": 0.44346752846030174, "24PL7962D1": 0.1751056619798874, "24PL7962D8": 0.3158971691360099, "24PL7962D6": 0.2561872178386003, "24PL7962D2": 0.5597545296698344, "24PL7962D3": 0.22136726759364042}