{"24PL5107D8": 0.30884718797919886, "24PL5107D5": 0.4398681736086544, "24PL5107D4": 0.22534402645552598, "24PL5107D1": 0.2037691495065304, "24PL5107D6": 0.31184259247956314, "24PL5107D2": 0.5503568157862907, "24PL5107D7": 0.3893972177192352, "24PL5107D3": 0.5858670140285372}