{"24PL1144D4": 0.3687139711157836, "24PL1144D7": 0.18619165032776822, "24PL1144D3": 0.5017473234462405, "24PL1144D2": 0.23719894473076691, "24PL1144D8": 0.46124066144436326, "24PL1144D1": 0.3632980721986185, "24PL1144D5": 0.4125356065074281, "24PL1144D6": 0.12407093934737884}