{"24PL2518D3": 0.5306274869911234, "24PL2518D6": 0.3041142659321113, "24PL2518D8": 0.17499482985340195, "24PL2518D7": 0.36645107523959636, "24PL2518D4": 0.336381637806906, "24PL2518D5": 0.3014412402052177, "24PL2518D2": 0.563437125805636, "24PL2518D1": 0.20286133423254393}