{"24PL2004D8": 0.5213266802605444, "24PL2004D4": 0.42403091777143914, "24PL2004D5": 0.35239605259560974, "24PL2004D1": 0.14305727060577636, "24PL2004D2": 0.35342554087281525, "24PL2004D3": 0.5391404751653686, "24PL2004D6": 0.12041631593878035, "24PL2004D7": 0.2516701800419058}