{"24PL8706D3": 0.5006648460114353, "24PL8706D5": 0.40946734340004337, "24PL8706D1": 0.36808429682910154, "24PL8706D7": 0.2310333504242976, "24PL8706D8": 0.19313948089924493, "24PL8706D4": 0.35861097275386566, "24PL8706D2": 0.17434085456190265, "24PL8706D6": 0.18788954612736564}