{"24PL3384D2": 0.47861605215929487, "24PL3384D6": 0.3563197956481668, "24PL3384D1": 0.21325513839772395, "24PL3384D5": 0.44289727060305256, "24PL3384D8": 0.2503429798085769, "24PL3384D7": 0.19960184516795101, "24PL3384D3": 0.5662582849685772, "24PL3384D4": 0.15408061031107034}