{"24PL8645D8": 0.4461319576987723, "24PL8645D5": 0.23911171781248466, "24PL8645D4": 0.24463975413956027, "24PL8645D7": 0.30515330842582744, "24PL8645D1": 0.4224805228877457, "24PL8645D3": 0.1220723544341529, "24PL8645D2": 0.43715594131506463, "24PL8645D6": 0.18154193720039022}