{"24PL3445D6": 0.5342384807956878, "24PL3445D8": 0.30343285945741816, "24PL3445D4": 0.3690256435458061, "24PL3445D3": 0.21791563742525977, "24PL3445D1": 0.5826858018818057, "24PL3445D2": 0.09281928267016182, "24PL3445D5": 0.26045301982061847, "24PL3445D7": 0.5160703705659093}