{"24PL9023D6": 0.6020030728959199, "24PL9023D7": 0.2890133588304186, "24PL9023D8": 0.21665568386079553, "24PL9023D4": 0.2287563623525258, "24PL9023D1": 0.4454667558979207, "24PL9023D2": 0.2912605775374402, "24PL9023D5": 0.43474132648472974, "24PL9023D3": 0.25717320443655495}