{"24PL7047D3": 0.4112744154339943, "24PL7047D8": 0.2582341400200275, "24PL7047D1": 0.2870832583716812, "24PL7047D4": 0.2785275921724948, "24PL7047D2": 0.5680052374671455, "24PL7047D7": 0.3075022684883501, "24PL7047D6": 0.3965329355663928, "24PL7047D5": 0.09757665147782237}