{"24PL0D6": 0.3782359044941102, "24PL0D3": 0.29544761123210134, "24PL0D2": 0.32577315347919067, "24PL0D4": 0.19415181758374042, "24PL0D1": 0.591060948306382, "24PL0D5": 0.2984878876716556, "24PL0D7": 0.20143504691383377, "24PL0D8": 0.2907226172988433}