{"24PL9925D8": 0.4409450312427177, "24PL9925D6": 0.35747220284838976, "24PL9925D7": 0.2967419789141083, "24PL9925D2": 0.5338528715283639, "24PL9925D3": 0.15269634207761038, "24PL9925D4": 0.3676865701567951, "24PL9925D1": 0.1874615540453432, "24PL9925D5": 0.18662426178403843}