{"24PL2618D1": 0.40041450049178023, "24PL2618D5": 0.2632243352201002, "24PL2618D7": 0.2593043213004048, "24PL2618D6": 0.4832624698565808, "24PL2618D4": 0.10089754028516787, "24PL2618D3": 0.16109922998521242, "24PL2618D2": 0.24835770108226318, "24PL2618D8": 0.564946156380599}