{"24PL7503D6": 0.5596618276452066, "24PL7503D3": 0.4067696721611052, "24PL7503D8": 0.26119477641228483, "24PL7503D2": 0.4483732052568117, "24PL7503D4": 0.1525886641250907, "24PL7503D7": 0.2842037023426561, "24PL7503D5": 0.17506906470992822, "24PL7503D1": 0.3905374773369041}