{"24PL1432D1": 0.4033118114062076, "24PL1432D2": 0.29445025937569963, "24PL1432D6": 0.1634161636251924, "24PL1432D4": 0.2409355036633342, "24PL1432D7": 0.3153125644247189, "24PL1432D8": 0.4441992460383278, "24PL1432D5": 0.5093042006609934, "24PL1432D3": 0.18725511341169704}