{"24PL4683D2": 0.41190064637563134, "24PL4683D7": 0.3814821717874091, "24PL4683D3": 0.20565412669034533, "24PL4683D8": 0.1811856493698336, "24PL4683D4": 0.4194676552020728, "24PL4683D6": 0.5105202318339935, "24PL4683D5": 0.17559078540994077, "24PL4683D1": 0.37174849004633964}