{"24PL9486D2": 0.5305567978244067, "24PL9486D1": 0.24038384762236595, "24PL9486D5": 0.37142746876356797, "24PL9486D6": 0.5067770874759177, "24PL9486D3": 0.1111555983230938, "24PL9486D4": 0.15843821502187416, "24PL9486D7": 0.3700546298617918, "24PL9486D8": 0.2610620329381874}