{"24PL237D3": 0.5524228925825577, "24PL237D5": 0.3132475616218016, "24PL237D7": 0.20163196163042796, "24PL237D4": 0.273153797736644, "24PL237D6": 0.48685564569588685, "24PL237D8": 0.42084332533972824, "24PL237D2": 0.20703711961843088, "24PL237D1": 0.08077031689319435}