{"24PL6153D3": 0.500674670846755, "24PL6153D7": 0.27057483236768437, "24PL6153D1": 0.32101916754543763, "24PL6153D4": 0.14154119892994607, "24PL6153D6": 0.48941753627771334, "24PL6153D2": 0.2945238951818679, "24PL6153D5": 0.35248716156674464, "24PL6153D8": 0.18219565727537512}