{"26PL917D10": 0.011793591211351206, "26PL917D2": 0.048698205670230164, "26PL917D4": 0.07326000116305598, "26PL917D1": 0.10652399500381476, "26PL917D8": 0.05352672192252255, "26PL917D6": 0.13457492730270437, "26PL917D14": 0.08475686718231436, "26PL917D12": 0.21678808390217785, "26PL917D5": 0.04340113458459084, "26PL917D13": 0.06412587800882867, "26PL917D3": 0.09662059490851564, "26PL917D9": 0.44488969875414586, "26PL917D7": 0.14345454378624387, "26PL917D11": 0.17919655133970047}