{"26PL871D12": 0.00906427549780471, "26PL871D1": 0.052616285037910195, "26PL871D6": 0.07221580543831432, "26PL871D14": 0.0733630031028017, "26PL871D2": 0.054134933757767435, "26PL871D7": 0.09688254358353159, "26PL871D3": 0.08016852549867674, "26PL871D13": 0.08382478591907647, "26PL871D11": 0.09807462721901496, "26PL871D4": 0.15317320512239382, "26PL871D10": 0.11232096113401466, "26PL871D5": 0.2642291492659309, "26PL871D8": 0.4710486465672681, "26PL871D9": 0.19291609499577353}