{"26PL388D4": 0.009163801748369628, "26PL388D13": 0.08422290967713825, "26PL388D8": 0.09755233859316127, "26PL388D7": 0.08910945279588413, "26PL388D9": 0.05343437229643387, "26PL388D12": 0.07172549989452935, "26PL388D11": 0.04503180358199693, "26PL388D2": 0.11164386021621234, "26PL388D5": 0.16605240161610463, "26PL388D3": 0.10160820695895288, "26PL388D14": 0.06618743967005002, "26PL388D10": 0.3936465892376517, "26PL388D6": 0.25927309714697006, "26PL388D1": 0.3044708988408529}