{"26PL436D3": 0.010530744015831964, "26PL436D2": 0.02017308770340109, "26PL436D5": 0.08378139676932093, "26PL436D6": 0.10232314890363327, "26PL436D13": 0.025605745770855563, "26PL436D10": 0.12080931365303264, "26PL436D14": 0.07947618683449321, "26PL436D4": 0.13729641404543275, "26PL436D9": 0.04202543528963079, "26PL436D12": 0.0706811310985285, "26PL436D8": 0.13930984351188697, "26PL436D1": 0.17495135498910058, "26PL436D7": 0.4131178104964572, "26PL436D11": 0.19840965684155282}