{"26PL186D6": 0.008482096999355045, "26PL186D5": 0.011837793349240388, "26PL186D4": 0.08402476384988512, "26PL186D12": 0.08091298939658846, "26PL186D9": 0.07971183477252898, "26PL186D2": 0.06022949057617786, "26PL186D3": 0.1380556266263955, "26PL186D14": 0.08499978583742919, "26PL186D7": 0.040176246492587483, "26PL186D10": 0.06422350789480771, "26PL186D11": 0.38882838315846663, "26PL186D13": 0.13660734329075067, "26PL186D8": 0.13643100462517962, "26PL186D1": 0.48621222341950876}