{"26PL271D7": 0.015129255655548703, "26PL271D10": 0.012042240166086097, "26PL271D3": 0.06706069219821938, "26PL271D14": 0.06142005471314131, "26PL271D12": 0.10577141406990877, "26PL271D1": 0.06837239183263037, "26PL271D5": 0.10004890217367415, "26PL271D6": 0.11784227526024632, "26PL271D11": 0.08889057940695419, "26PL271D8": 0.13945587098673798, "26PL271D2": 0.13952501626097763, "26PL271D9": 0.15363078227506047, "26PL271D13": 0.4848928113744832, "26PL271D4": 0.6044149259785033}