{"26PL214D10": 0.06282396514551034, "26PL214D5": 0.012179452022596036, "26PL214D6": 0.07888501235644715, "26PL214D4": 0.07674703107685368, "26PL214D13": 0.08820451880557148, "26PL214D2": 0.037571091658422456, "26PL214D8": 0.12934556706744463, "26PL214D3": 0.03845477983674119, "26PL214D9": 0.02803050934751718, "26PL214D12": 0.14061864864971527, "26PL214D14": 0.09450856681517807, "26PL214D7": 0.5341168495308078, "26PL214D1": 0.406016831535662, "26PL214D11": 0.19831094394394003}