{"26PL879D11": 0.018591586404132217, "26PL879D9": 0.015968944373373328, "26PL879D14": 0.03491135111704752, "26PL879D3": 0.07686651569269734, "26PL879D13": 0.09120774217204147, "26PL879D4": 0.14201277564306516, "26PL879D2": 0.09127644899011364, "26PL879D1": 0.08528126724877472, "26PL879D7": 0.06741527755174792, "26PL879D10": 0.08211518069296113, "26PL879D6": 0.2819886754231462, "26PL879D8": 0.07325874037508644, "26PL879D12": 0.281331539226584, "26PL879D5": 0.3445427523711119}