{"26PL553D4": 0.008895867301804156, "26PL553D8": 0.07072914217031172, "26PL553D12": 0.08202824432820624, "26PL553D2": 0.06446839515944373, "26PL553D6": 0.02003310989187043, "26PL553D5": 0.06637813487063535, "26PL553D7": 0.06253007494970882, "26PL553D10": 0.1691842428300413, "26PL553D3": 0.09755999809357926, "26PL553D13": 0.07285376774265723, "26PL553D14": 0.14871494690988293, "26PL553D11": 0.28030686441433345, "26PL553D9": 0.34904217022370787, "26PL553D1": 0.4458889880678384}