{"26PL176D8": 0.03317447862535356, "26PL176D9": 0.06794170074446891, "26PL176D14": 0.06496742728987932, "26PL176D13": 0.09622628195866416, "26PL176D12": 0.10115802825356558, "26PL176D4": 0.018915782586606728, "26PL176D7": 0.0656306714477859, "26PL176D3": 0.11581633654620051, "26PL176D5": 0.03767524320818059, "26PL176D11": 0.06043101216102941, "26PL176D2": 0.13403500366804905, "26PL176D10": 0.33647359224640494, "26PL176D6": 0.4343045749633872, "26PL176D1": 0.24712372763641277}