{"26PL869D7": 0.010940187896617704, "26PL869D5": 0.052369457660408604, "26PL869D13": 0.05264113058923469, "26PL869D1": 0.08265528812847041, "26PL869D3": 0.07943240908916518, "26PL869D10": 0.0437720012700341, "26PL869D12": 0.07556840606071005, "26PL869D4": 0.07782576169478236, "26PL869D11": 0.16573492098586062, "26PL869D9": 0.20114340770890787, "26PL869D2": 0.21284084770576123, "26PL869D8": 0.30139460275523683, "26PL869D6": 0.42768775168481793, "26PL869D14": 0.434146527189484}