{"26PL791D14": 0.008672469935005124, "26PL791D13": 0.04296742159490148, "26PL791D1": 0.01198393190829103, "26PL791D2": 0.08233025049960496, "26PL791D8": 0.08879799583810746, "26PL791D7": 0.053367690018188835, "26PL791D9": 0.05648809753442597, "26PL791D12": 0.1232433499914972, "26PL791D10": 0.08168198064819067, "26PL791D6": 0.21252987839419546, "26PL791D3": 0.15996020658895577, "26PL791D11": 0.418084632205672, "26PL791D4": 0.2604973370064279, "26PL791D5": 0.20361088044646447}