{"26PL106D1": 0.13153721436895172, "26PL106D8": 0.010449043023065598, "26PL106D7": 0.034056962612487245, "26PL106D5": 0.07580409250865278, "26PL106D6": 0.0987064034971176, "26PL106D13": 0.04818430930066549, "26PL106D9": 0.11301062636834518, "26PL106D3": 0.08913542725019935, "26PL106D4": 0.06609461999056851, "26PL106D14": 0.06235917182403994, "26PL106D11": 0.11236884768172248, "26PL106D2": 0.5021942227153954, "26PL106D10": 0.2807505211952745, "26PL106D12": 0.20381540961978836}