{"26PL415D7": 0.04019868110221073, "26PL415D5": 0.012577240442585723, "26PL415D13": 0.08170972647577965, "26PL415D10": 0.11125414430899813, "26PL415D9": 0.06290686949431218, "26PL415D1": 0.09598153246330567, "26PL415D14": 0.09106108115729893, "26PL415D11": 0.03737818042412381, "26PL415D3": 0.01001257560332954, "26PL415D2": 0.08619623559528658, "26PL415D4": 0.10201056559545663, "26PL415D8": 0.11665299131503078, "26PL415D12": 0.22467558896157083, "26PL415D6": 0.40468888929213015}