{"26PL757D13": 0.014964330998091677, "26PL757D3": 0.010865077276595933, "26PL757D4": 0.10544564171098006, "26PL757D14": 0.07662692081618944, "26PL757D11": 0.06651352629978936, "26PL757D6": 0.053031813458619986, "26PL757D1": 0.07242460759065722, "26PL757D2": 0.12184219458695623, "26PL757D12": 0.17250826438161465, "26PL757D10": 0.05603008954274038, "26PL757D7": 0.04257901176423682, "26PL757D8": 0.2555936050829965, "26PL757D9": 0.25810997782216205, "26PL757D5": 0.40050321322223337}