{"26PL1D5": 0.08205201425933165, "26PL1D14": 0.12371408563228027, "26PL1D3": 0.01042215902407296, "26PL1D12": 0.07059666931370016, "26PL1D4": 0.1093286795702824, "26PL1D8": 0.053422510539505336, "26PL1D10": 0.06534752894137338, "26PL1D1": 0.05129216665061748, "26PL1D13": 0.057219214875204386, "26PL1D9": 0.09078435691254473, "26PL1D11": 0.2425051698978891, "26PL1D7": 0.46847055447673946, "26PL1D6": 0.2184590192405503, "26PL1D2": 0.20159483515003612}