{"26PL989D13": 0.06680440908502525, "26PL989D9": 0.0493524098432927, "26PL989D3": 0.07814819568040966, "26PL989D12": 0.05496279183676618, "26PL989D11": 0.04771255811776975, "26PL989D8": 0.08795274788689365, "26PL989D6": 0.10598029376881671, "26PL989D7": 0.1526336922544148, "26PL989D2": 0.04438242864166112, "26PL989D1": 0.20416694216804676, "26PL989D10": 0.054966677403808936, "26PL989D5": 0.1662373586967868, "26PL989D4": 0.5482309001380965, "26PL989D14": 0.35083796884222573}