{"26PL0D1": 0.010426153626066376, "26PL0D5": 0.16739526956313727, "26PL0D6": 0.08059129247016886, "26PL0D3": 0.08230037187939061, "26PL0D2": 0.06412053767859525, "26PL0D4": 0.01923305643960617, "26PL0D10": 0.03172677505433138, "26PL0D7": 0.042658354887474124, "26PL0D8": 0.05603063195297622, "26PL0D11": 0.054588809083003544, "26PL0D9": 0.14157833954260524, "26PL0D14": 0.5415429022620325, "26PL0D12": 0.11111468553964934, "26PL0D13": 0.5355621243881251}