{"26PL420D8": 0.012485664170545774, "26PL420D7": 0.013250493554755546, "26PL420D9": 0.08915426114468827, "26PL420D5": 0.05174575335888514, "26PL420D12": 0.10235177494060743, "26PL420D3": 0.08608176224729581, "26PL420D2": 0.08002970104197098, "26PL420D14": 0.11182696457541548, "26PL420D10": 0.09170926134371597, "26PL420D13": 0.04598859531366801, "26PL420D6": 0.0985943864465218, "26PL420D11": 0.09954151036338145, "26PL420D4": 0.48152199532233014, "26PL420D1": 0.24731385766976474}