{"26PL473D7": 0.10352071335734303, "26PL473D11": 0.007542672869788999, "26PL473D1": 0.08689004121792315, "26PL473D3": 0.03467279581641901, "26PL473D10": 0.09044422286326723, "26PL473D9": 0.1067483821630318, "26PL473D12": 0.058178353465979014, "26PL473D5": 0.017077272207800687, "26PL473D13": 0.09530358361887846, "26PL473D2": 0.11479693755248803, "26PL473D14": 0.46260286041421195, "26PL473D6": 0.10271845659605314, "26PL473D8": 0.21605039334831014, "26PL473D4": 0.21346136951864791}