{"26PL165D11": 0.010234300148070726, "26PL165D1": 0.045258148720645666, "26PL165D3": 0.03724126246034809, "26PL165D8": 0.07314525343312853, "26PL165D9": 0.10207820508987506, "26PL165D13": 0.04642848422200698, "26PL165D12": 0.0843813045727831, "26PL165D7": 0.062160088461625254, "26PL165D4": 0.14862493741514396, "26PL165D2": 0.10370300797354201, "26PL165D5": 0.5109898653502841, "26PL165D6": 0.34099159019682995, "26PL165D14": 0.10935971501873419, "26PL165D10": 0.3176555179410809}