{"26PL85D6": 0.017092252691742027, "26PL85D14": 0.09152752645016318, "26PL85D12": 0.054236559032215303, "26PL85D10": 0.08164112211586344, "26PL85D8": 0.02758964935828177, "26PL85D9": 0.06567753059602811, "26PL85D2": 0.10960465024414998, "26PL85D5": 0.0822988915802079, "26PL85D3": 0.08331650830903192, "26PL85D7": 0.08224316552211113, "26PL85D11": 0.06968795817649111, "26PL85D13": 0.24813615601603595, "26PL85D4": 0.41600346842780445, "26PL85D1": 0.1741174159823762}