{"26PL13D12": 0.03461144253764684, "26PL13D6": 0.04171436798558394, "26PL13D4": 0.09157934149035994, "26PL13D13": 0.07558106479270428, "26PL13D2": 0.06384411097168287, "26PL13D3": 0.05913568977998804, "26PL13D11": 0.07304156714109929, "26PL13D7": 0.11072447373598268, "26PL13D10": 0.046482241337695504, "26PL13D14": 0.4337920502716318, "26PL13D1": 0.1523822460872993, "26PL13D5": 0.16408720765079066, "26PL13D8": 0.08301455078474133, "26PL13D9": 0.3696392530069453}