{"26PL975D9": 0.009931862300179355, "26PL975D7": 0.025407392618396866, "26PL975D1": 0.07618921639479662, "26PL975D14": 0.06686210871815959, "26PL975D11": 0.03113776496507306, "26PL975D10": 0.11494897909172001, "26PL975D2": 0.13682076349446612, "26PL975D4": 0.05529869300007712, "26PL975D5": 0.11101915835643646, "26PL975D12": 0.06301552084901034, "26PL975D8": 0.17613128269204856, "26PL975D3": 0.43026590757824074, "26PL975D6": 0.13932607595593674, "26PL975D13": 0.4078747554529991}