{"26PL924D4": 0.009416530644127327, "26PL924D5": 0.05935782738491377, "26PL924D9": 0.04085430698333924, "26PL924D10": 0.1161922697312444, "26PL924D14": 0.057663420927068054, "26PL924D8": 0.11750534854255933, "26PL924D3": 0.08078742515491344, "26PL924D13": 0.05437406984513032, "26PL924D7": 0.10522115932076685, "26PL924D1": 0.032577621386027336, "26PL924D11": 0.2510415457166932, "26PL924D2": 0.08675638612133753, "26PL924D12": 0.3366715417805762, "26PL924D6": 0.35259189346928993}