{"26PL874D12": 0.00952774148034728, "26PL874D13": 0.09263909344794005, "26PL874D7": 0.05339491080322376, "26PL874D5": 0.01919501937991011, "26PL874D8": 0.07798883955434224, "26PL874D11": 0.06530201896857239, "26PL874D14": 0.08781521644432828, "26PL874D9": 0.12151957011709087, "26PL874D4": 0.02715736799183635, "26PL874D3": 0.09482099026142951, "26PL874D2": 0.23327464262142097, "26PL874D1": 0.38726532991522866, "26PL874D6": 0.21747994551502334, "26PL874D10": 0.2202115561069541}