{"26PL48D13": 0.010290613538261932, "26PL48D6": 0.09227602728006062, "26PL48D8": 0.055948006914049324, "26PL48D7": 0.07695051765414679, "26PL48D12": 0.07206817165871308, "26PL48D3": 0.09030657977488649, "26PL48D2": 0.056777960170203354, "26PL48D14": 0.06283386043075787, "26PL48D5": 0.1589540099341401, "26PL48D9": 0.08039898978544181, "26PL48D1": 0.42539524866394424, "26PL48D11": 0.08671738959918425, "26PL48D4": 0.34502127102559066, "26PL48D10": 0.16341940051706866}