{"26PL131D3": 0.00894987397090792, "26PL131D4": 0.03918406284444992, "26PL131D9": 0.06612296825725457, "26PL131D1": 0.08132377729585157, "26PL131D2": 0.057189549201389606, "26PL131D8": 0.10039970426505244, "26PL131D10": 0.0983095549313532, "26PL131D5": 0.14349581957989768, "26PL131D7": 0.08696659273714871, "26PL131D6": 0.0703054832803315, "26PL131D12": 0.2267900478255065, "26PL131D14": 0.10687610854162474, "26PL131D13": 0.3021917090191524, "26PL131D11": 0.5902785818493389}