{"26PL112D10": 0.038494063120915814, "26PL112D6": 0.013507817904444271, "26PL112D13": 0.04032442341414821, "26PL112D3": 0.056673428842828846, "26PL112D9": 0.09061342488029632, "26PL112D12": 0.10228964418258445, "26PL112D7": 0.10207517221845155, "26PL112D8": 0.05986166542845131, "26PL112D5": 0.06431449560838927, "26PL112D11": 0.17241533551369656, "26PL112D4": 0.25576406250522943, "26PL112D2": 0.4414066778566206, "26PL112D14": 0.33390212118642454, "26PL112D1": 0.15926145391428376}