{"26PL770D3": 0.010134837955690715, "26PL770D8": 0.057526054002842254, "26PL770D2": 0.07318951451497216, "26PL770D13": 0.07041027664086, "26PL770D1": 0.07750596084907693, "26PL770D7": 0.08292752050377242, "26PL770D5": 0.06467486649107121, "26PL770D4": 0.12855800936524636, "26PL770D14": 0.05790681296712783, "26PL770D10": 0.12467856033267213, "26PL770D9": 0.32016050117042094, "26PL770D6": 0.168043807386094, "26PL770D11": 0.2772569308002983, "26PL770D12": 0.38003858599903395}