{"26PL853D14": 0.11760229480729671, "26PL853D13": 0.010435765380678988, "26PL853D1": 0.06209761906893865, "26PL853D11": 0.07408755754290161, "26PL853D12": 0.10026737219590377, "26PL853D6": 0.08223467411423363, "26PL853D5": 0.06444537307549832, "26PL853D3": 0.06332160290611874, "26PL853D10": 0.10885348436408183, "26PL853D2": 0.12332226132485302, "26PL853D8": 0.10557870545748416, "26PL853D4": 0.13643692912312372, "26PL853D9": 0.42522385958561465, "26PL853D7": 0.4493614074681986}