{"26PL0D1": 0.40751246506531974, "26PL0D5": 0.523185943170184, "26PL0D6": 0.4693954971973615, "26PL0D3": 0.4820148782486015, "26PL0D2": 0.4361818518456178, "26PL0D4": 0.37702587359371464, "26PL0D10": 0.34593977418201527, "26PL0D7": 0.4170075078100158, "26PL0D8": 0.5075169264682727, "26PL0D11": 0.5177851406016167, "26PL0D9": 0.560808016466461, "26PL0D14": 0.7986539426843833, "26PL0D12": 0.644867369069466, "26PL0D13": 0.7928341484981625}