{"42PL598D5": 0.6066445065242759, "42PL598D2": 0.5822171365863653, "42PL598D10": 0.3509492824222477, "42PL598D17": 0.5892223911862078, "42PL598D9": 0.450607698763536, "42PL598D12": 0.6796994656678209, "42PL598D16": 0.673144793186203, "42PL598D18": 0.6581587145215401, "42PL598D1": 0.4464476008349999, "42PL598D13": 0.5345246559763249, "42PL598D8": 0.45972888517230753, "42PL598D6": 0.6720873306468659, "42PL598D7": 0.587562138671058, "42PL598D4": 0.4053502631146629, "42PL598D11": 0.5246893813244524, "42PL598D3": 0.4399322558079599, "42PL598D15": 0.22419552003153548, "42PL598D14": 0.18566410808437545}