{"42PL103D15": 0.6327844104635049, "42PL103D13": 0.5636068476977568, "42PL103D12": 0.4982411226696346, "42PL103D7": 0.30092883142964727, "42PL103D14": 0.6582344798845015, "42PL103D18": 0.6336550280781098, "42PL103D1": 0.5921819887113241, "42PL103D4": 0.7063766579363121, "42PL103D2": 0.5215095429760308, "42PL103D3": 0.4581082660669629, "42PL103D16": 0.6231756163213333, "42PL103D6": 0.6387714739985264, "42PL103D11": 0.4702651557988224, "42PL103D8": 0.32638876625922225, "42PL103D10": 0.3841186911608828, "42PL103D17": 0.18489220009487914, "42PL103D9": 0.5000303295133124, "42PL103D5": 0.09608177172061329}