{"42PL424D6": 0.5888704806643738, "42PL424D9": 0.5883555921949859, "42PL424D11": 0.5845973680112627, "42PL424D2": 0.5897195732614211, "42PL424D5": 0.4515013905733499, "42PL424D13": 0.4374395220665573, "42PL424D15": 0.708963611786434, "42PL424D4": 0.7228540737781904, "42PL424D12": 0.5069033181890501, "42PL424D10": 0.5178000685681423, "42PL424D17": 0.4577131945667041, "42PL424D16": 0.4465352899227609, "42PL424D8": 0.29591906902935733, "42PL424D14": 0.6436558298157828, "42PL424D7": 0.4063143745799534, "42PL424D1": 0.30880383501409, "42PL424D18": 0.12140076843876346, "42PL424D3": 0.33509474790080673}