{"42PL480D2": 0.6293105645087549, "42PL480D12": 0.5299798576848186, "42PL480D10": 0.4664257935773055, "42PL480D3": 0.6023636409912699, "42PL480D11": 0.3978532509532019, "42PL480D14": 0.6584699533298114, "42PL480D15": 0.5048533948681934, "42PL480D7": 0.5565021003658702, "42PL480D18": 0.424302902434852, "42PL480D9": 0.5820373396036665, "42PL480D1": 0.6475022713312024, "42PL480D16": 0.49139546539119444, "42PL480D8": 0.3826113950406966, "42PL480D4": 0.36420270371466573, "42PL480D13": 0.4798885074176268, "42PL480D5": 0.2050757946016752, "42PL480D17": 0.5697641624489298, "42PL480D6": 0.17976348556372054}