{"42PL102D2": 0.6719469694033611, "42PL102D3": 0.5428512490151781, "42PL102D12": 0.6202593911072569, "42PL102D5": 0.3699644228611483, "42PL102D7": 0.50029292211883, "42PL102D10": 0.6757396277908428, "42PL102D8": 0.595050925576308, "42PL102D17": 0.4316391078418655, "42PL102D1": 0.447544333761876, "42PL102D16": 0.5489933900153751, "42PL102D15": 0.6151357685057822, "42PL102D11": 0.6893233232313956, "42PL102D14": 0.443108888309324, "42PL102D6": 0.3428833080905921, "42PL102D9": 0.4799834732191028, "42PL102D13": 0.5156611598652705, "42PL102D18": 0.17215816780267676, "42PL102D4": 0.15036834273326843}