{"42PL549D2": 0.708993814851117, "42PL549D8": 0.5773543829270527, "42PL549D11": 0.5773535439322046, "42PL549D17": 0.38549352899045586, "42PL549D7": 0.5383500581462619, "42PL549D9": 0.6590117182298371, "42PL549D12": 0.46081960404264155, "42PL549D3": 0.558420359681001, "42PL549D15": 0.5925042475930307, "42PL549D1": 0.5830761764597279, "42PL549D6": 0.6480778256602807, "42PL549D5": 0.3563461389682163, "42PL549D4": 0.2827893254660051, "42PL549D13": 0.3902095270126885, "42PL549D18": 0.5320570744110786, "42PL549D14": 0.29320721860890003, "42PL549D10": 0.5079652601445876, "42PL549D16": 0.11098687888454076}