{"42PL170D1": 0.6788958781658666, "42PL170D10": 0.5877339382646034, "42PL170D16": 0.3717248329266999, "42PL170D9": 0.3411083386721516, "42PL170D15": 0.5729901978477547, "42PL170D5": 0.4392853463627132, "42PL170D12": 0.5599360241886636, "42PL170D2": 0.638406946133596, "42PL170D14": 0.7302669197868301, "42PL170D7": 0.5083338442039471, "42PL170D11": 0.5486223638966367, "42PL170D3": 0.5292018902706898, "42PL170D17": 0.45707964827843434, "42PL170D18": 0.5763269793073573, "42PL170D8": 0.6845617759264637, "42PL170D4": 0.3006035980941917, "42PL170D13": 0.2021191004362098, "42PL170D6": 0.22676748296837748}