{"42PL16D9": 0.6869703570672548, "42PL16D17": 0.6499464291886038, "42PL16D10": 0.3566626614598979, "42PL16D18": 0.6061250824815267, "42PL16D2": 0.45865999677715424, "42PL16D13": 0.5619172544297265, "42PL16D11": 0.6040826806277778, "42PL16D4": 0.5452207340641906, "42PL16D16": 0.5385505483190207, "42PL16D1": 0.5191363158871991, "42PL16D15": 0.6990391563207271, "42PL16D14": 0.5353853922580474, "42PL16D3": 0.43555328758144507, "42PL16D6": 0.3107137819399098, "42PL16D5": 0.40584759557322314, "42PL16D8": 0.24141279539558555, "42PL16D12": 0.2023684210526316, "42PL16D7": 0.16590665507269822}