{"42PL218D7": 0.5856435553635837, "42PL218D13": 0.7334105670984161, "42PL218D18": 0.6482080483724206, "42PL218D12": 0.44467559833390624, "42PL218D11": 0.5497433147793218, "42PL218D10": 0.698384692683456, "42PL218D15": 0.502531792653799, "42PL218D8": 0.5798630988403474, "42PL218D9": 0.5509240049790942, "42PL218D14": 0.4789401963516987, "42PL218D6": 0.39525869932635943, "42PL218D2": 0.45335188726796527, "42PL218D1": 0.21180845292070272, "42PL218D16": 0.561677526962274, "42PL218D4": 0.29209276678795176, "42PL218D5": 0.34623271122023846, "42PL218D3": 0.530711482130502, "42PL218D17": 0.11326539162797149}