{"42PL571D10": 0.635199742564244, "42PL571D17": 0.47460278883251816, "42PL571D13": 0.23620312919923814, "42PL571D5": 0.6279135158745325, "42PL571D1": 0.5911145901560778, "42PL571D15": 0.7228137309329316, "42PL571D7": 0.6092663252359298, "42PL571D11": 0.5701470562515204, "42PL571D6": 0.49914219567742035, "42PL571D12": 0.47076080218815786, "42PL571D3": 0.5607246649618247, "42PL571D14": 0.3480028084279757, "42PL571D16": 0.4421819246855947, "42PL571D18": 0.5696318616533473, "42PL571D9": 0.5401299743635698, "42PL571D8": 0.39604787486857457, "42PL571D4": 0.2351337396432001, "42PL571D2": 0.09644500693462155}