{"42PL0D13": 0.7132817677242593, "42PL0D10": 0.5076170159367549, "42PL0D11": 0.6016891091353038, "42PL0D17": 0.48152776710613737, "42PL0D18": 0.34012164320146626, "42PL0D14": 0.6344714812694615, "42PL0D16": 0.5877817961322737, "42PL0D15": 0.7121444240858804, "42PL0D9": 0.6445440781336631, "42PL0D6": 0.4173701038977785, "42PL0D4": 0.37481575581060805, "42PL0D7": 0.47045205058971035, "42PL0D12": 0.6714630440611314, "42PL0D1": 0.46569167786465376, "42PL0D2": 0.29096686183539644, "42PL0D8": 0.5175829729254325, "42PL0D5": 0.33989981012006104, "42PL0D3": 0.0809253424972299}