{"42PL481D8": 0.5881687463939452, "42PL481D9": 0.6818827685116329, "42PL481D11": 0.5696227866382017, "42PL481D3": 0.5863612087054302, "42PL481D7": 0.4172779251734461, "42PL481D10": 0.22646739785464626, "42PL481D15": 0.49717042011009044, "42PL481D4": 0.5985326341471876, "42PL481D16": 0.6998855038626162, "42PL481D18": 0.4922994422586528, "42PL481D13": 0.3898615402219934, "42PL481D12": 0.46240430422184714, "42PL481D1": 0.498916182144003, "42PL481D5": 0.6624681809962304, "42PL481D2": 0.5031382622493317, "42PL481D6": 0.33502496569910645, "42PL481D17": 0.2535528602609569, "42PL481D14": 0.22580645161290322}