{"42PL397D2": 0.6440580412136868, "42PL397D3": 0.5927507265086883, "42PL397D9": 0.5264178313387452, "42PL397D1": 0.385329986040925, "42PL397D12": 0.3687616820320189, "42PL397D13": 0.6231827699236905, "42PL397D11": 0.6325411847740652, "42PL397D15": 0.7383467329660387, "42PL397D10": 0.583119471883272, "42PL397D5": 0.410744560394161, "42PL397D4": 0.5214947892520967, "42PL397D6": 0.5604926460538904, "42PL397D8": 0.47237251413147413, "42PL397D17": 0.5576467680564656, "42PL397D16": 0.4560997135760992, "42PL397D18": 0.25717360982335064, "42PL397D7": 0.2031384015594542, "42PL397D14": 0.11529333828357612}