{"42PL630D8": 0.6540209376872873, "42PL630D3": 0.4533524767449854, "42PL630D11": 0.46159852976629295, "42PL630D2": 0.6239393804323602, "42PL630D4": 0.7157496240211585, "42PL630D7": 0.48569113804665803, "42PL630D10": 0.521337890625, "42PL630D18": 0.6315412452821263, "42PL630D12": 0.4027120587664109, "42PL630D13": 0.6661319204639473, "42PL630D15": 0.6604989249231822, "42PL630D6": 0.30528217231258026, "42PL630D9": 0.3767437913072998, "42PL630D17": 0.5888174303088458, "42PL630D14": 0.5114107137832168, "42PL630D5": 0.5081399740756956, "42PL630D1": 0.1617598452174614, "42PL630D16": 0.15031956687449916}