{"42PL267D18": 0.6847769591256144, "42PL267D10": 0.5352323073129112, "42PL267D11": 0.5737118814906387, "42PL267D9": 0.5677376581571577, "42PL267D17": 0.644321137382432, "42PL267D7": 0.3388342512904862, "42PL267D14": 0.6315785153476461, "42PL267D16": 0.6702092678669291, "42PL267D13": 0.5088204474007928, "42PL267D12": 0.36150938944388034, "42PL267D2": 0.639818174568364, "42PL267D5": 0.453729825732732, "42PL267D4": 0.3887790300977989, "42PL267D1": 0.5517526322804212, "42PL267D8": 0.5222652353985293, "42PL267D6": 0.4246716038704795, "42PL267D3": 0.18596122401308104, "42PL267D15": 0.13339926221314713}