{"42PL343D6": 0.6154948515622236, "42PL343D5": 0.36560599918929876, "42PL343D12": 0.5843879542912289, "42PL343D8": 0.5872767809519746, "42PL343D3": 0.7192821980937751, "42PL343D11": 0.6420204201127132, "42PL343D9": 0.4884318766066838, "42PL343D4": 0.40963465519694836, "42PL343D15": 0.5506899133597176, "42PL343D17": 0.5665308170222124, "42PL343D13": 0.5367073395295645, "42PL343D7": 0.6498529954813376, "42PL343D2": 0.5991790985871024, "42PL343D16": 0.4507943849514433, "42PL343D14": 0.2833635341388473, "42PL343D10": 0.48283945739496903, "42PL343D1": 0.23647590851669004, "42PL343D18": 0.14002945084078852}