{"42PL368D14": 0.6821546865012493, "42PL368D1": 0.573186225859146, "42PL368D11": 0.605130253586776, "42PL368D7": 0.41484486858454805, "42PL368D4": 0.6079656301145663, "42PL368D15": 0.6147186735525958, "42PL368D13": 0.6525679373766945, "42PL368D12": 0.5541165731935663, "42PL368D6": 0.23519295929892362, "42PL368D5": 0.5689638720361495, "42PL368D8": 0.4592692107940132, "42PL368D17": 0.4955499950852494, "42PL368D2": 0.6488319326205733, "42PL368D18": 0.4637901017850306, "42PL368D10": 0.43362478907807944, "42PL368D16": 0.2656358161796245, "42PL368D3": 0.27300533499595, "42PL368D9": 0.5257581855095793}