{"42PL617D9": 0.5214359185352808, "42PL617D11": 0.6820927271598037, "42PL617D5": 0.5872163188414329, "42PL617D18": 0.5734079366350634, "42PL617D1": 0.45938888481804435, "42PL617D14": 0.4763407001380061, "42PL617D8": 0.6462980724606293, "42PL617D16": 0.7214250499494019, "42PL617D17": 0.7297174312331427, "42PL617D12": 0.5236160799707763, "42PL617D10": 0.6072679329240658, "42PL617D15": 0.4567113998839048, "42PL617D4": 0.5949396425699152, "42PL617D7": 0.46973418320974436, "42PL617D6": 0.18551318155162747, "42PL617D13": 0.36351836250741054, "42PL617D2": 0.21178631219348001, "42PL617D3": 0.5359078884600373}