{"42PL708D1": 0.5776163367975111, "42PL708D14": 0.6586181350759962, "42PL708D17": 0.5054973460477534, "42PL708D8": 0.58403127046143, "42PL708D7": 0.33934253800875697, "42PL708D9": 0.6669141599609362, "42PL708D6": 0.7235629470297116, "42PL708D15": 0.5669032938068331, "42PL708D16": 0.5064621434186921, "42PL708D2": 0.44670320292795784, "42PL708D10": 0.5802329983480177, "42PL708D3": 0.48889373786438467, "42PL708D13": 0.421215873103573, "42PL708D12": 0.20434173621968466, "42PL708D4": 0.3096962843448514, "42PL708D18": 0.5596496565417194, "42PL708D11": 0.3444868691288667, "42PL708D5": 0.18574393645933407}