{"42PL547D10": 0.6311576808379449, "42PL547D12": 0.4814643266757606, "42PL547D8": 0.4937726168641253, "42PL547D15": 0.5639294305498301, "42PL547D9": 0.7095618402513297, "42PL547D1": 0.6571721573247413, "42PL547D2": 0.6134922951810997, "42PL547D18": 0.4709377078253159, "42PL547D6": 0.4531389898116195, "42PL547D14": 0.5861489732423347, "42PL547D17": 0.4208599433079471, "42PL547D5": 0.6012984681033845, "42PL547D7": 0.553752902086722, "42PL547D11": 0.37380995615969287, "42PL547D3": 0.5377823757829994, "42PL547D13": 0.2484829744533095, "42PL547D4": 0.31791231890205396, "42PL547D16": 0.10309777964826364}