{"42PL248D13": 0.584082074439608, "42PL248D11": 0.5366135037189298, "42PL248D18": 0.5547031059414167, "42PL248D16": 0.2968837431707888, "42PL248D3": 0.4671341109856981, "42PL248D12": 0.6783867360557736, "42PL248D17": 0.6542418726119567, "42PL248D1": 0.6284914380931547, "42PL248D5": 0.4737957630981886, "42PL248D8": 0.4226758635594136, "42PL248D7": 0.5977352204248316, "42PL248D10": 0.5732769784577733, "42PL248D6": 0.46099938038538196, "42PL248D4": 0.45795341486482616, "42PL248D14": 0.355758404948195, "42PL248D9": 0.3034694192637685, "42PL248D15": 0.5001831628237867, "42PL248D2": 0.12688187719648256}