{"42PL721D3": 0.6890849620416734, "42PL721D10": 0.5884441969059927, "42PL721D16": 0.5809238667011682, "42PL721D6": 0.4731195441568637, "42PL721D12": 0.3169150557216202, "42PL721D7": 0.3929994188641742, "42PL721D11": 0.6259416438659298, "42PL721D2": 0.5129476294174571, "42PL721D8": 0.3410123262522948, "42PL721D9": 0.5511178433101968, "42PL721D14": 0.59721620955147, "42PL721D5": 0.44980275737511927, "42PL721D15": 0.30428959954984525, "42PL721D13": 0.28392019712264527, "42PL721D4": 0.5520941395060772, "42PL721D18": 0.3617706433299859, "42PL721D17": 0.48470340784837807, "42PL721D1": 0.12073846596770711}