{"42PL140D16": 0.6308904924312856, "42PL140D3": 0.41124302765328624, "42PL140D15": 0.4973766851855814, "42PL140D8": 0.47742846997136534, "42PL140D9": 0.5855474650194181, "42PL140D18": 0.6985055633270817, "42PL140D5": 0.6341966186812348, "42PL140D7": 0.48353073273208014, "42PL140D4": 0.5453381744709144, "42PL140D14": 0.6630249412489145, "42PL140D10": 0.37099316324407344, "42PL140D12": 0.606439540650795, "42PL140D11": 0.5686599842198865, "42PL140D6": 0.45216538686943064, "42PL140D17": 0.4739450127877238, "42PL140D1": 0.23646467765022874, "42PL140D13": 0.14157464728599428, "42PL140D2": 0.16524914651408995}