{"42PL44D9": 0.6495793480694796, "42PL44D12": 0.6669149430760642, "42PL44D17": 0.5845495751365012, "42PL44D13": 0.5319922779654661, "42PL44D2": 0.32729842398479314, "42PL44D18": 0.6403074720692123, "42PL44D3": 0.30195893996401113, "42PL44D7": 0.7157555042767667, "42PL44D1": 0.5225944820038482, "42PL44D5": 0.41707910952097, "42PL44D14": 0.531407552118385, "42PL44D15": 0.6412921558363868, "42PL44D8": 0.45497185258810524, "42PL44D6": 0.5508947456659831, "42PL44D11": 0.24910686791369438, "42PL44D10": 0.326623112673918, "42PL44D16": 0.5064827770004664, "42PL44D4": 0.18507895705697297}