{"42PL764D7": 0.6377868350374594, "42PL764D16": 0.6418378445230968, "42PL764D3": 0.3827135313980103, "42PL764D8": 0.5756870161337982, "42PL764D1": 0.646677842702803, "42PL764D5": 0.6661544785468212, "42PL764D15": 0.6464483824485497, "42PL764D13": 0.4207619047619048, "42PL764D9": 0.5303725310672599, "42PL764D10": 0.5537482691113976, "42PL764D4": 0.5177632589801658, "42PL764D14": 0.4698236361256055, "42PL764D11": 0.6841276139600718, "42PL764D6": 0.549344390572095, "42PL764D18": 0.39761852897875793, "42PL764D2": 0.4406562397589418, "42PL764D17": 0.24469384830353624, "42PL764D12": 0.12827179223092874}