{"42PL471D8": 0.5628605871945975, "42PL471D18": 0.6790878691339615, "42PL471D2": 0.5064105871939093, "42PL471D15": 0.4950320840763586, "42PL471D13": 0.5222763306908267, "42PL471D5": 0.7120376097229543, "42PL471D6": 0.587858527779635, "42PL471D11": 0.5739404346581749, "42PL471D7": 0.5521131150390496, "42PL471D3": 0.5198050616830213, "42PL471D14": 0.6759392916683609, "42PL471D9": 0.465827705894381, "42PL471D12": 0.3408806619309379, "42PL471D10": 0.21156570729208932, "42PL471D4": 0.5221606414675328, "42PL471D1": 0.3718684552541252, "42PL471D16": 0.2916553729218321, "42PL471D17": 0.09628662294433642}