{"42PL687D4": 0.6468148627482702, "42PL687D3": 0.5267398567639152, "42PL687D15": 0.553952359700993, "42PL687D17": 0.5450128446029974, "42PL687D8": 0.26678543843131064, "42PL687D7": 0.5545510798226839, "42PL687D12": 0.6751166862520235, "42PL687D2": 0.6316754281887177, "42PL687D14": 0.578638057671053, "42PL687D11": 0.508954809177561, "42PL687D6": 0.4650459954549085, "42PL687D9": 0.4703006215234171, "42PL687D10": 0.6680604881661428, "42PL687D16": 0.5216559283457701, "42PL687D18": 0.23884709587123862, "42PL687D1": 0.39556683229375905, "42PL687D13": 0.2945326278659612, "42PL687D5": 0.15412145480196685}