{"42PL51D14": 0.6381291890304147, "42PL51D15": 0.6039409543751273, "42PL51D17": 0.3858599187257695, "42PL51D10": 0.5991043901242085, "42PL51D16": 0.5948201102201606, "42PL51D2": 0.709049024368984, "42PL51D12": 0.7123482727165819, "42PL51D1": 0.434544747934749, "42PL51D8": 0.4928585628100745, "42PL51D6": 0.4546760249721628, "42PL51D11": 0.6191211046594702, "42PL51D13": 0.33475364103441585, "42PL51D4": 0.4728669784736949, "42PL51D7": 0.4965353996176295, "42PL51D18": 0.30460664151556915, "42PL51D9": 0.18720038216202545, "42PL51D3": 0.5333598531376244, "42PL51D5": 0.1980774378817746}