{"42PL558D10": 0.6199261612609226, "42PL558D9": 0.707298613164916, "42PL558D8": 0.3890682662149281, "42PL558D7": 0.6505044816066391, "42PL558D3": 0.6379061853050582, "42PL558D14": 0.47461419672027816, "42PL558D11": 0.5660269916291782, "42PL558D5": 0.5756188669394718, "42PL558D15": 0.5301426696088227, "42PL558D4": 0.5689769265526842, "42PL558D1": 0.2588229807648616, "42PL558D17": 0.48332865600235203, "42PL558D6": 0.6443745845335697, "42PL558D2": 0.5941591683831412, "42PL558D12": 0.38324937986857566, "42PL558D13": 0.2538468971868054, "42PL558D18": 0.5242119060453175, "42PL558D16": 0.5273140427715369}