{"42PL127D13": 0.6444324511769547, "42PL127D17": 0.40460965497856793, "42PL127D15": 0.5535955084065708, "42PL127D2": 0.508192943320064, "42PL127D7": 0.5654625583671711, "42PL127D3": 0.6436163114983787, "42PL127D6": 0.7359127910856075, "42PL127D14": 0.6372008259550105, "42PL127D9": 0.4482909803023697, "42PL127D8": 0.5132686284179366, "42PL127D5": 0.5508390472753518, "42PL127D18": 0.4574164308635244, "42PL127D4": 0.344296866328758, "42PL127D10": 0.5048008928723567, "42PL127D12": 0.48577843198477483, "42PL127D16": 0.5031797897567079, "42PL127D11": 0.09237011431561724, "42PL127D1": 0.1329694003072079}