{"42PL274D7": 0.6227810194556038, "42PL274D2": 0.6039944524275637, "42PL274D1": 0.577478495338283, "42PL274D17": 0.41288226020440627, "42PL274D8": 0.5663888561233817, "42PL274D16": 0.6138610468293721, "42PL274D9": 0.7114346016351286, "42PL274D4": 0.5118487392190634, "42PL274D3": 0.5782071629347764, "42PL274D6": 0.44451688775416937, "42PL274D10": 0.5520267716390254, "42PL274D14": 0.2562447548995409, "42PL274D18": 0.35462481101901583, "42PL274D5": 0.5239406067822386, "42PL274D15": 0.48164877282727847, "42PL274D12": 0.5112939561325514, "42PL274D11": 0.3060870944084359, "42PL274D13": 0.17891912258905476}