{"24PL1469D6": 0.4602662864051335, "24PL1469D2": 0.7610760442841813, "24PL1469D4": 0.6963565385425634, "24PL1469D7": 0.6817929333153624, "24PL1469D5": 0.8695474878787756, "24PL1469D3": 0.5456043525778742, "24PL1469D1": 0.4419597751957565, "24PL1469D8": 0.8119989263749985}