{"24PL237D3": 0.4323816107178162, "24PL237D5": 0.673404974982669, "24PL237D7": 0.7893333426282878, "24PL237D4": 0.7147169520481959, "24PL237D6": 0.49945074023801256, "24PL237D8": 0.5676059152677858, "24PL237D2": 0.784625750099367, "24PL237D1": 0.9146561567645217}