{"24PL1432D1": 0.5835994758131015, "24PL1432D2": 0.6948494166677829, "24PL1432D6": 0.8282923615817778, "24PL1432D4": 0.7472191143032446, "24PL1432D7": 0.6755755923184341, "24PL1432D8": 0.5404797580125997, "24PL1432D5": 0.4771206871776859, "24PL1432D3": 0.8045640269839558}