{"24PL6353D6": 0.5244082922294186, "24PL6353D5": 0.7068679793455529, "24PL6353D1": 0.56704130942631, "24PL6353D2": 0.8783137310684045, "24PL6353D3": 0.6156109754728046, "24PL6353D7": 0.7273512484466028, "24PL6353D8": 0.49433139108347546, "24PL6353D4": 0.789682432045521}