{"24PL7503D6": 0.4265400117900226, "24PL7503D3": 0.5777977778589963, "24PL7503D8": 0.7259078561589547, "24PL7503D2": 0.5380997254055587, "24PL7503D4": 0.8404223505325389, "24PL7503D7": 0.7073027323763703, "24PL7503D5": 0.817289167385497, "24PL7503D1": 0.5958969421650704}