{"24PL7718D2": 0.47494655954236337, "24PL7718D1": 0.8080253825151809, "24PL7718D4": 0.6571835248371207, "24PL7718D8": 0.652863669846022, "24PL7718D5": 0.4323428018466625, "24PL7718D7": 0.7068551537153623, "24PL7718D6": 0.6911414870925838, "24PL7718D3": 0.7943289884808908}