{"24PL5107D8": 0.681041062326721, "24PL5107D5": 0.5464154269151755, "24PL5107D4": 0.7652863080915431, "24PL5107D1": 0.7859966308923694, "24PL5107D6": 0.6783326619384188, "24PL5107D2": 0.4320149292416153, "24PL5107D7": 0.597722355239329, "24PL5107D3": 0.40159314240436045}