{"24PL9486D2": 0.4539405486031584, "24PL9486D1": 0.7470341576959464, "24PL9486D5": 0.6162033865598919, "24PL9486D6": 0.4795172078956239, "24PL9486D3": 0.883548554240379, "24PL9486D4": 0.8342042364735937, "24PL9486D7": 0.6194727471197121, "24PL9486D8": 0.7287104070931822}