{"24PL2644D1": 0.5177994075041578, "24PL2644D3": 0.642136238354135, "24PL2644D6": 0.4775973691455635, "24PL2644D5": 0.7546537623035545, "24PL2644D7": 0.897489745994117, "24PL2644D8": 0.5457834968768575, "24PL2644D4": 0.901757048976912, "24PL2644D2": 0.7707482651472203}