{"24PL7962D5": 0.5316634465958251, "24PL7962D4": 0.7920564507413003, "24PL7962D7": 0.5419036328499277, "24PL7962D1": 0.8158404857995499, "24PL7962D8": 0.6748131592939297, "24PL7962D6": 0.7350716119965761, "24PL7962D2": 0.42378623404509125, "24PL7962D3": 0.7695936179986779}