{"24PL8870D5": 0.4926638691940385, "24PL8870D1": 0.7182381842194361, "24PL8870D6": 0.7587670004131691, "24PL8870D2": 0.5048765378742041, "24PL8870D7": 0.8582493404586349, "24PL8870D3": 0.5286727813776904, "24PL8870D8": 0.7116421908946862, "24PL8870D4": 0.7602197802197802}