{"24PL8645D8": 0.5408703414831467, "24PL8645D5": 0.7508524302999752, "24PL8645D4": 0.7448767107549581, "24PL8645D7": 0.6820111447453344, "24PL8645D1": 0.5660328287725142, "24PL8645D3": 0.871882767055193, "24PL8645D2": 0.5493932768213678, "24PL8645D6": 0.8102755359718443}