{"24PL7099D1": 0.42863449196869086, "24PL7099D8": 0.6416941719464959, "24PL7099D7": 0.7331386814914126, "24PL7099D4": 0.8869520551687959, "24PL7099D6": 0.5195569131331458, "24PL7099D3": 0.5108459368206836, "24PL7099D5": 0.7825981293678734, "24PL7099D2": 0.9244622095303846}