{"24PL5410D6": 0.4326205031911675, "24PL5410D2": 0.591410390545941, "24PL5410D7": 0.6287018729936008, "24PL5410D4": 0.8306859668225197, "24PL5410D5": 0.7191088914410058, "24PL5410D8": 0.9134290753338372, "24PL5410D1": 0.4612958695391728, "24PL5410D3": 0.7702132173544075}