{"24PL4458D4": 0.6331962444614354, "24PL4458D1": 0.6660912467974859, "24PL4458D6": 0.6186318437762071, "24PL4458D3": 0.8521820133499488, "24PL4458D7": 0.7068965956611818, "24PL4458D2": 0.440867016452214, "24PL4458D8": 0.654968665492026, "24PL4458D5": 0.8424276679118027}