{"24PL8035D6": 0.5466050549262975, "24PL8035D5": 0.6439613343442001, "24PL8035D2": 0.7248229793827043, "24PL8035D7": 0.5838153486799643, "24PL8035D8": 0.8558401371191633, "24PL8035D1": 0.63175478557483, "24PL8035D3": 0.5200728372983073, "24PL8035D4": 0.7889984745835984}