{"24PL6153D3": 0.48501369438271924, "24PL6153D7": 0.7193476987175315, "24PL6153D1": 0.6645772594752186, "24PL6153D4": 0.8519315956283477, "24PL6153D6": 0.49605600646498715, "24PL6153D2": 0.6967294763044559, "24PL6153D5": 0.6350896917763125, "24PL6153D8": 0.8097041812183372}