{"24PL2004D8": 0.4649634682885367, "24PL2004D4": 0.5625881264949393, "24PL2004D5": 0.6344628554245568, "24PL2004D1": 0.8502951064096653, "24PL2004D2": 0.6339124868332705, "24PL2004D3": 0.4463318851357522, "24PL2004D6": 0.8748912937324733, "24PL2004D7": 0.7385539329635267}