{"24PL8706D3": 0.4852148475456954, "24PL8706D5": 0.577408153312622, "24PL8706D1": 0.6207838100638962, "24PL8706D7": 0.7566726773091526, "24PL8706D8": 0.7992659507877516, "24PL8706D4": 0.6274783910443572, "24PL8706D2": 0.8182843207950389, "24PL8706D6": 0.8038133694782988}