{"24PL9925D8": 0.5464169778293221, "24PL9925D6": 0.6287190815454526, "24PL9925D7": 0.6908498069865395, "24PL9925D2": 0.4505792333769831, "24PL9925D3": 0.8412413184189419, "24PL9925D4": 0.6219247503709348, "24PL9925D1": 0.8044090833747721, "24PL9925D5": 0.8049663179852858}