{"24PL2518D3": 0.4554025099479645, "24PL2518D6": 0.6844525752212918, "24PL2518D8": 0.8163271278567499, "24PL2518D7": 0.6226606518470207, "24PL2518D4": 0.6504016079186524, "24PL2518D5": 0.6877950671229036, "24PL2518D2": 0.42092482957012073, "24PL2518D1": 0.7886249859498344}