{"24PL5971D2": 0.5120482785376913, "24PL5971D7": 0.7706973245544794, "24PL5971D8": 0.5277687917369503, "24PL5971D3": 0.8316062505886336, "24PL5971D4": 0.650805333477384, "24PL5971D6": 0.4346889715606422, "24PL5971D5": 0.7449719482689203, "24PL5971D1": 0.7931632080484257}