{"24PL4683D2": 0.5755979042004978, "24PL4683D7": 0.6055079130678781, "24PL4683D3": 0.7841157149973473, "24PL4683D8": 0.8106204792520404, "24PL4683D4": 0.5685050060598736, "24PL4683D6": 0.47456772508200284, "24PL4683D5": 0.8185691662948283, "24PL4683D1": 0.6163972753979745}