{"24PL0D6": 0.6107398426873263, "24PL0D3": 0.6918194825826679, "24PL0D2": 0.6622124174558786, "24PL0D4": 0.7982587029856805, "24PL0D1": 0.39415199429560155, "24PL0D5": 0.6914255565897338, "24PL0D7": 0.7889043573846632, "24PL0D8": 0.6981555164262158}