{"24PL1620D4": 0.5477014493549776, "24PL1620D5": 0.7707848201146859, "24PL1620D8": 0.47402300335308584, "24PL1620D2": 0.7222501054282168, "24PL1620D7": 0.5950217431335609, "24PL1620D3": 0.785187800142425, "24PL1620D1": 0.7638795769621731, "24PL1620D6": 0.8516105724865606}