{"24PL3445D6": 0.45275265567559037, "24PL3445D8": 0.6840197834058156, "24PL3445D4": 0.6195593081863388, "24PL3445D3": 0.7725623627061516, "24PL3445D1": 0.4026786658209113, "24PL3445D2": 0.9021028595922876, "24PL3445D5": 0.728588632048896, "24PL3445D7": 0.46770087229936236}