{"24PL2618D1": 0.5862204513672828, "24PL2618D5": 0.7259564482632244, "24PL2618D7": 0.7298455313486686, "24PL2618D6": 0.5036277869441976, "24PL2618D4": 0.8942928556550719, "24PL2618D3": 0.8329356592846581, "24PL2618D2": 0.7411547864044717, "24PL2618D8": 0.4196464182287964}