{"24PL3384D2": 0.507358186237761, "24PL3384D6": 0.6280965057146466, "24PL3384D1": 0.7785968784067644, "24PL3384D5": 0.5454630197371692, "24PL3384D8": 0.7388592088061074, "24PL3384D7": 0.791118843870246, "24PL3384D3": 0.4177169545657474, "24PL3384D4": 0.8385983124705769}