{"24PL1144D4": 0.6199921689869249, "24PL1144D7": 0.8039505476006575, "24PL1144D3": 0.48354799273903754, "24PL1144D2": 0.7533160272183965, "24PL1144D8": 0.5248308261655531, "24PL1144D1": 0.6267016387756872, "24PL1144D5": 0.5729784628568255, "24PL1144D6": 0.8708143441235449}