{"24PL7047D3": 0.5773041005620797, "24PL7047D8": 0.7324091401333049, "24PL7047D1": 0.7000544059027153, "24PL7047D4": 0.7120083437268853, "24PL7047D2": 0.4195750334562469, "24PL7047D7": 0.681083868088933, "24PL7047D6": 0.5902021552579173, "24PL7047D5": 0.8971580656059195}