{"24PL9023D6": 0.3841575143686337, "24PL9023D7": 0.6998532386656618, "24PL9023D8": 0.7725248148160926, "24PL9023D4": 0.76038718408897, "24PL9023D1": 0.5406758799496436, "24PL9023D2": 0.7001340211005314, "24PL9023D5": 0.5513655728002242, "24PL9023D3": 0.732539794259974}